order_item_id,order_id,product_id,quantity,unit_price,discount_amount,line_total,created_at
8,6,17,1,30.92,0.0,30.92,2026-09-24 01:17:15.490293
9,6,14,2,29.2,0.0,58.4,2026-09-24 01:17:15.490293
19,11,1,1,36.33,0.0,36.33,2026-09-24 01:17:15.490293
20,11,17,1,44.11,0.0,44.11,2026-09-24 01:17:15.490293
22,13,18,2,31.91,0.0,63.82,2026-09-24 01:17:15.490293
23,13,10,1,75.08,0.0,75.08,2026-09-24 01:17:15.490293
27,16,18,1,24.58,0.0,24.58,2026-09-24 01:17:15.490293
28,16,5,2,17.25,0.0,34.5,2026-09-24 01:17:15.490293
33,20,12,1,56.08,13.66,42.42,2026-09-24 01:17:15.490293
41,23,3,1,19.45,0.0,19.45,2026-09-24 01:17:15.490293
42,23,14,2,10.67,0.0,21.34,2026-09-24 01:17:15.490293
64,35,6,1,130.26,0.0,130.26,2026-09-24 01:17:15.490293
82,43,17,1,13.11,0.0,13.11,2026-09-24 01:17:15.490293
83,43,9,2,15.05,0.0,30.1,2026-09-24 01:17:15.490293
84,43,17,1,28.57,0.0,28.57,2026-09-24 01:17:15.490293
85,43,19,1,67.8,0.0,67.8,2026-09-24 01:17:15.490293
132,64,2,1,12.74,0.0,12.74,2026-09-24 01:17:15.490293
133,64,16,1,9.7,0.0,9.7,2026-09-24 01:17:15.490293
134,64,17,3,11.18,0.0,33.54,2026-09-24 01:17:15.490293
135,64,12,1,74.31,0.0,74.31,2026-09-24 01:17:15.490293
140,66,14,2,44.55,0.0,89.1,2026-09-24 01:17:15.490293
141,66,11,1,203.05,0.0,203.05,2026-09-24 01:17:15.490293
142,67,4,1,55.56,0.0,55.56,2026-09-24 01:17:15.490293
143,67,2,1,127.98,0.0,127.98,2026-09-24 01:17:15.490293
147,70,19,4,11.21,0.0,44.84,2026-09-24 01:17:15.490293
148,70,5,2,76.63,0.0,153.26,2026-09-24 01:17:15.490293
150,72,19,1,42.63,8.69,33.94,2026-09-24 01:17:15.490293
151,72,9,1,77.35,0.0,77.35,2026-09-24 01:17:15.490293
152,73,14,1,31.21,0.0,31.21,2026-09-24 01:17:15.490293
156,76,10,2,39.23,0.0,78.46,2026-09-24 01:17:15.490293
159,78,19,1,40.16,0.0,40.16,2026-09-24 01:17:15.490293
166,83,19,1,5.94,0.0,5.94,2026-09-24 01:17:15.490293
167,83,18,1,10.83,0.0,10.83,2026-09-24 01:17:15.490293
168,83,7,1,5.09,0.0,5.09,2026-09-24 01:17:15.490293
169,83,3,2,6.76,3.1,10.42,2026-09-24 01:17:15.490293
170,83,20,1,25.37,0.0,25.37,2026-09-24 01:17:15.490293
178,88,7,5,1.7,0.0,8.5,2026-09-24 01:17:15.490293
179,88,13,1,69.52,0.0,69.52,2026-09-24 01:17:15.490293
180,88,2,1,10.52,0.0,10.52,2026-09-24 01:17:15.490293
181,88,15,1,95.83,0.0,95.83,2026-09-24 01:17:15.490293
182,88,2,3,40.98,0.0,122.94,2026-09-24 01:17:15.490293
202,100,5,2,133.69,0.0,267.38,2026-09-24 01:17:15.490293
205,102,6,2,4.81,0.0,9.62,2026-09-24 01:17:15.490293
206,102,5,1,17.66,0.0,17.66,2026-09-24 01:17:15.490293
207,102,4,1,50.05,0.0,50.05,2026-09-24 01:17:15.490293
209,104,14,1,8.97,0.0,8.97,2026-09-24 01:17:15.490293
210,104,9,1,15.65,0.0,15.65,2026-09-24 01:17:15.490293
211,104,15,2,10.71,0.0,21.42,2026-09-24 01:17:15.490293
212,104,1,3,8.4,4.61,20.59,2026-09-24 01:17:15.490293
244,118,3,2,50.45,0.0,100.9,2026-09-24 01:17:15.490293
245,119,18,2,66.19,0.0,132.38,2026-09-24 01:17:15.490293
250,122,10,1,31.73,2.91,28.82,2026-09-24 01:17:15.490293
251,122,10,3,18.16,0.0,54.48,2026-09-24 01:17:15.490293
252,123,16,1,277.29,51.14,226.15,2026-09-24 01:17:15.490293
284,139,6,1,16.34,2.51,13.83,2026-09-24 01:17:15.490293
285,139,8,1,172.73,0.0,172.73,2026-09-24 01:17:15.490293
301,145,18,2,22.24,0.0,44.48,2026-09-24 01:17:15.490293
302,145,1,2,30.13,0.0,60.26,2026-09-24 01:17:15.490293
303,145,17,1,70.92,0.0,70.92,2026-09-24 01:17:15.490293
343,166,15,1,54.3,0.0,54.3,2026-09-24 01:17:15.490293
344,166,3,2,32.41,0.0,64.82,2026-09-24 01:17:15.490293
345,167,14,1,127.97,0.0,127.97,2026-09-24 01:17:15.490293
358,174,4,1,66.42,0.0,66.42,2026-09-24 01:17:15.490293
359,175,9,1,6.33,0.0,6.33,2026-09-24 01:17:15.490293
360,175,7,1,8.12,0.0,8.12,2026-09-24 01:17:15.490293
361,175,11,1,23.96,0.0,23.96,2026-09-24 01:17:15.490293
371,182,4,2,8.59,0.0,17.18,2026-09-24 01:17:15.490293
372,182,6,1,90.95,0.0,90.95,2026-09-24 01:17:15.490293
379,185,12,2,8.19,0.0,16.38,2026-09-24 01:17:15.490293
380,185,13,1,39.57,0.0,39.57,2026-09-24 01:17:15.490293
381,186,1,3,2.86,0.0,8.58,2026-09-24 01:17:15.490293
382,186,14,3,4.79,0.0,14.37,2026-09-24 01:17:15.490293
383,186,6,1,24.59,1.79,22.8,2026-09-24 01:17:15.490293
384,187,7,3,8.82,0.0,26.46,2026-09-24 01:17:15.490293
385,187,11,1,72.25,5.29,66.96,2026-09-24 01:17:15.490293
390,190,20,2,7.04,1.36,12.72,2026-09-24 01:17:15.490293
391,190,9,2,23.48,0.0,46.96,2026-09-24 01:17:15.490293
394,193,13,2,24.16,6.67,41.65,2026-09-24 01:17:15.490293
397,196,5,1,214.86,0.0,214.86,2026-09-24 01:17:15.490293
417,209,20,1,13.16,0.0,13.16,2026-09-24 01:17:15.490293
418,209,18,1,21.14,4.18,16.96,2026-09-24 01:17:15.490293
419,209,7,1,90.78,0.0,90.78,2026-09-24 01:17:15.490293
437,219,11,1,29.27,0.0,29.27,2026-09-24 01:17:15.490293
438,219,6,2,8.25,0.0,16.5,2026-09-24 01:17:15.490293
439,219,7,1,20.23,0.0,20.23,2026-09-24 01:17:15.490293
440,219,13,1,68.34,0.0,68.34,2026-09-24 01:17:15.490293
450,225,12,1,20.38,0.0,20.38,2026-09-24 01:17:15.490293
451,225,1,1,270.67,75.46,195.21,2026-09-24 01:17:15.490293
465,234,3,3,51.57,0.0,154.71,2026-09-24 01:17:15.490293
466,234,16,3,58.48,0.0,175.44,2026-09-24 01:17:15.490293
495,246,14,2,20.86,0.0,41.72,2026-09-24 01:17:15.490293
506,253,1,2,130.91,0.0,261.82,2026-09-24 01:17:15.490293
510,256,12,1,13.68,0.0,13.68,2026-09-24 01:17:15.490293
511,256,5,1,22.43,0.0,22.43,2026-09-24 01:17:15.490293
512,256,5,1,53.26,0.0,53.26,2026-09-24 01:17:15.490293
516,259,13,1,194.84,0.0,194.84,2026-09-24 01:17:15.490293
520,262,19,1,110.8,18.87,91.93,2026-09-24 01:17:15.490293
532,269,5,1,47.18,0.0,47.18,2026-09-24 01:17:15.490293
533,269,19,1,49.11,0.0,49.11,2026-09-24 01:17:15.490293
534,270,8,4,5.12,0.0,20.48,2026-09-24 01:17:15.490293
535,270,1,3,5.11,0.0,15.33,2026-09-24 01:17:15.490293
536,270,18,1,30.59,0.0,30.59,2026-09-24 01:17:15.490293
543,274,2,1,13.44,0.0,13.44,2026-09-24 01:17:15.490293
544,274,9,4,10.5,0.0,42.0,2026-09-24 01:17:15.490293
545,274,4,1,56.89,12.72,44.17,2026-09-24 01:17:15.490293
570,285,8,1,72.62,0.0,72.62,2026-09-24 01:17:15.490293
571,285,10,1,73.7,0.0,73.7,2026-09-24 01:17:15.490293
575,287,19,2,53.9,14.5,93.3,2026-09-24 01:17:15.490293
583,293,2,1,57.78,0.0,57.78,2026-09-24 01:17:15.490293
584,293,9,1,83.12,0.0,83.12,2026-09-24 01:17:15.490293
586,295,12,3,8.19,0.0,24.57,2026-09-24 01:17:15.490293
587,296,14,3,58.71,0.0,176.13,2026-09-24 01:17:15.490293
597,302,3,2,17.66,0.0,35.32,2026-09-24 01:17:15.490293
598,302,6,1,110.28,0.0,110.28,2026-09-24 01:17:15.490293
604,305,9,3,77.81,61.27,172.16,2026-09-24 01:17:15.490293
609,310,10,2,37.48,0.0,74.96,2026-09-24 01:17:15.490293
617,316,12,1,175.72,0.0,175.72,2026-09-24 01:17:15.490293
630,322,17,3,14.4,2.05,41.15,2026-09-24 01:17:15.490293
638,326,13,1,40.81,0.0,40.81,2026-09-24 01:17:15.490293
639,326,10,1,42.99,0.0,42.99,2026-09-24 01:17:15.490293
650,332,7,1,28.82,0.0,28.82,2026-09-24 01:17:15.490293
651,332,1,1,90.63,0.0,90.63,2026-09-24 01:17:15.490293
662,336,11,1,56.51,0.0,56.51,2026-09-24 01:17:15.490293
665,338,16,1,77.07,0.0,77.07,2026-09-24 01:17:15.490293
666,339,14,1,10.92,0.0,10.92,2026-09-24 01:17:15.490293
667,339,6,1,12.02,0.0,12.02,2026-09-24 01:17:15.490293
668,339,19,3,4.5,0.0,13.5,2026-09-24 01:17:15.490293
684,347,6,1,9.09,1.67,7.42,2026-09-24 01:17:15.490293
685,347,3,1,49.1,0.0,49.1,2026-09-24 01:17:15.490293
686,348,16,2,6.82,3.07,10.57,2026-09-24 01:17:15.490293
687,348,1,1,121.05,27.64,93.41,2026-09-24 01:17:15.490293
692,351,12,3,10.57,6.91,24.8,2026-09-24 01:17:15.490293
693,351,19,2,36.17,0.0,72.34,2026-09-24 01:17:15.490293
704,358,18,2,24.98,0.0,49.96,2026-09-24 01:17:15.490293
714,365,6,3,34.37,0.0,103.11,2026-09-24 01:17:15.490293
715,365,17,1,109.68,0.0,109.68,2026-09-24 01:17:15.490293
719,367,11,1,7.3,1.38,5.92,2026-09-24 01:17:15.490293
720,367,8,1,7.13,1.33,5.8,2026-09-24 01:17:15.490293
721,367,9,1,12.5,0.0,12.5,2026-09-24 01:17:15.490293
727,371,3,2,165.62,12.19,319.05,2026-09-24 01:17:15.490293
729,373,3,2,118.87,0.0,237.74,2026-09-24 01:17:15.490293
730,374,3,5,8.82,0.0,44.1,2026-09-24 01:17:15.490293
731,374,7,1,78.78,0.0,78.78,2026-09-24 01:17:15.490293
772,394,15,2,3.25,0.0,6.5,2026-09-24 01:17:15.490293
773,394,9,1,71.25,0.0,71.25,2026-09-24 01:17:15.490293
777,397,1,2,87.03,0.0,174.06,2026-09-24 01:17:15.490293
792,407,19,2,6.39,0.0,12.78,2026-09-24 01:17:15.490293
793,407,1,1,17.09,4.12,12.97,2026-09-24 01:17:15.490293
794,407,5,1,33.05,0.0,33.05,2026-09-24 01:17:15.490293
796,409,16,2,94.23,4.88,183.58,2026-09-24 01:17:15.490293
807,414,18,5,12.43,0.0,62.15,2026-09-24 01:17:15.490293
818,420,16,3,12.1,0.0,36.3,2026-09-24 01:17:15.490293
819,420,8,1,136.76,0.0,136.76,2026-09-24 01:17:15.490293
820,421,10,1,108.72,0.0,108.72,2026-09-24 01:17:15.490293
822,423,16,1,43.96,0.0,43.96,2026-09-24 01:17:15.490293
831,428,12,1,16.31,0.0,16.31,2026-09-24 01:17:15.490293
832,428,4,1,7.22,0.0,7.22,2026-09-24 01:17:15.490293
833,428,3,2,8.05,0.0,16.1,2026-09-24 01:17:15.490293
834,428,12,1,34.07,0.0,34.07,2026-09-24 01:17:15.490293
835,429,20,2,98.67,31.88,165.46,2026-09-24 01:17:15.490293
849,438,14,1,7.82,1.4,6.42,2026-09-24 01:17:15.490293
850,438,14,1,23.24,0.0,23.24,2026-09-24 01:17:15.490293
851,439,10,3,8.07,0.0,24.21,2026-09-24 01:17:15.490293
852,440,20,4,2.07,0.0,8.28,2026-09-24 01:17:15.490293
853,440,18,2,12.6,0.0,25.2,2026-09-24 01:17:15.490293
857,442,8,4,8.87,1.08,34.4,2026-09-24 01:17:15.490293
858,442,5,2,7.28,0.0,14.56,2026-09-24 01:17:15.490293
859,442,17,1,86.38,0.0,86.38,2026-09-24 01:17:15.490293
862,445,9,1,19.44,0.0,19.44,2026-09-24 01:17:15.490293
863,445,18,3,9.22,0.0,27.66,2026-09-24 01:17:15.490293
870,449,15,1,55.39,0.0,55.39,2026-09-24 01:17:15.490293
876,451,18,3,5.78,4.26,13.08,2026-09-24 01:17:15.490293
877,451,13,3,9.03,0.0,27.09,2026-09-24 01:17:15.490293
878,451,3,3,23.5,12.85,57.65,2026-09-24 01:17:15.490293
880,453,11,1,80.08,13.57,66.51,2026-09-24 01:17:15.490293
881,454,15,1,160.43,14.45,145.98,2026-09-24 01:17:15.490293
886,457,15,1,6.41,0.0,6.41,2026-09-24 01:17:15.490293
887,457,9,3,9.07,3.98,23.23,2026-09-24 01:17:15.490293
888,457,11,1,53.93,0.0,53.93,2026-09-24 01:17:15.490293
889,457,5,1,62.68,4.86,57.82,2026-09-24 01:17:15.490293
890,458,17,2,17.25,0.0,34.5,2026-09-24 01:17:15.490293
891,458,14,1,115.17,0.0,115.17,2026-09-24 01:17:15.490293
903,464,2,1,22.13,0.0,22.13,2026-09-24 01:17:15.490293
904,464,14,1,27.53,0.0,27.53,2026-09-24 01:17:15.490293
905,465,15,1,45.45,0.0,45.45,2026-09-24 01:17:15.490293
906,465,1,2,13.23,0.0,26.46,2026-09-24 01:17:15.490293
907,465,14,4,28.21,20.71,92.13,2026-09-24 01:17:15.490293
908,466,17,2,29.19,0.0,58.38,2026-09-24 01:17:15.490293
909,466,5,1,78.32,0.0,78.32,2026-09-24 01:17:15.490293
923,474,14,1,22.27,0.0,22.27,2026-09-24 01:17:15.490293
924,474,13,1,136.72,0.0,136.72,2026-09-24 01:17:15.490293
935,482,7,1,66.21,3.06,63.15,2026-09-24 01:17:15.490293
936,482,13,1,105.07,0.0,105.07,2026-09-24 01:17:15.490293
966,496,8,1,45.45,2.63,42.82,2026-09-24 01:17:15.490293
967,496,5,1,94.36,0.0,94.36,2026-09-24 01:17:15.490293
968,497,16,4,1.57,0.0,6.28,2026-09-24 01:17:15.490293
969,497,6,1,25.05,5.19,19.86,2026-09-24 01:17:15.490293
970,497,16,1,29.63,0.0,29.63,2026-09-24 01:17:15.490293
971,497,17,2,33.55,0.0,67.1,2026-09-24 01:17:15.490293
978,502,11,2,10.22,0.0,20.44,2026-09-24 01:17:15.490293
985,506,1,2,37.07,0.0,74.14,2026-09-24 01:17:15.490293
986,506,7,1,84.11,0.0,84.11,2026-09-24 01:17:15.490293
991,508,11,1,10.62,2.29,8.33,2026-09-24 01:17:15.490293
992,508,14,2,6.62,2.68,10.56,2026-09-24 01:17:15.490293
1012,522,7,3,46.45,0.0,139.35,2026-09-24 01:17:15.490293
1013,523,20,1,54.57,0.0,54.57,2026-09-24 01:17:15.490293
1014,524,19,3,19.41,0.0,58.23,2026-09-24 01:17:15.490293
1015,524,16,1,107.52,0.0,107.52,2026-09-24 01:17:15.490293
1019,527,18,1,28.92,3.5,25.42,2026-09-24 01:17:15.490293
1020,527,20,1,8.06,0.0,8.06,2026-09-24 01:17:15.490293
1021,527,10,1,65.05,0.0,65.05,2026-09-24 01:17:15.490293
1044,540,1,3,18.2,0.0,54.6,2026-09-24 01:17:15.490293
1045,540,11,1,73.79,0.0,73.79,2026-09-24 01:17:15.490293
1046,541,1,1,55.28,0.0,55.28,2026-09-24 01:17:15.490293
1047,541,6,1,84.3,12.92,71.38,2026-09-24 01:17:15.490293
1053,545,16,1,24.64,0.0,24.64,2026-09-24 01:17:15.490293
1054,545,20,1,21.7,0.0,21.7,2026-09-24 01:17:15.490293
1055,545,19,3,35.15,0.0,105.45,2026-09-24 01:17:15.490293
1064,551,2,1,232.8,0.0,232.8,2026-09-24 01:17:15.490293
1095,564,2,1,68.41,0.0,68.41,2026-09-24 01:17:15.490293
1103,569,5,5,2.78,0.0,13.9,2026-09-24 01:17:15.490293
1104,569,16,1,36.17,0.0,36.17,2026-09-24 01:17:15.490293
1119,579,14,2,63.14,0.0,126.28,2026-09-24 01:17:15.490293
1126,583,13,1,5.87,0.0,5.87,2026-09-24 01:17:15.490293
1127,583,5,2,16.42,2.27,30.57,2026-09-24 01:17:15.490293
1150,594,3,1,46.87,0.0,46.87,2026-09-24 01:17:15.490293
1151,594,13,1,49.07,0.0,49.07,2026-09-24 01:17:15.490293
1152,595,12,2,17.95,1.56,34.34,2026-09-24 01:17:15.490293
1153,595,14,2,26.71,0.0,53.42,2026-09-24 01:17:15.490293
1154,596,20,1,94.08,0.0,94.08,2026-09-24 01:17:15.490293
1162,600,8,2,5.77,2.6,8.94,2026-09-24 01:17:15.490293
1163,600,18,2,16.33,0.0,32.66,2026-09-24 01:17:15.490293
1164,601,9,1,27.24,1.81,25.43,2026-09-24 01:17:15.490293
1165,601,7,1,30.64,0.0,30.64,2026-09-24 01:17:15.490293
1166,601,16,5,7.81,0.0,39.05,2026-09-24 01:17:15.490293
1172,604,18,1,167.83,0.0,167.83,2026-09-24 01:17:15.490293
1188,613,18,3,3.13,0.0,9.39,2026-09-24 01:17:15.490293
1189,613,1,1,96.84,0.0,96.84,2026-09-24 01:17:15.490293
1206,625,17,4,39.72,0.0,158.88,2026-09-24 01:17:15.490293
1224,634,10,5,2.49,0.0,12.45,2026-09-24 01:17:15.490293
1225,634,12,1,14.76,0.0,14.76,2026-09-24 01:17:15.490293
1226,634,18,2,6.26,0.0,12.52,2026-09-24 01:17:15.490293
1227,634,6,1,20.99,0.0,20.99,2026-09-24 01:17:15.490293
1233,638,12,1,22.32,1.83,20.49,2026-09-24 01:17:15.490293
1234,638,20,3,17.13,0.0,51.39,2026-09-24 01:17:15.490293
1238,641,20,1,55.3,0.0,55.3,2026-09-24 01:17:15.490293
1242,645,2,2,66.43,7.74,125.12,2026-09-24 01:17:15.490293
1244,647,7,1,23.19,0.0,23.19,2026-09-24 01:17:15.490293
1245,647,6,1,674.47,0.0,674.47,2026-09-24 01:17:15.490293
1270,658,14,2,73.02,0.0,146.04,2026-09-24 01:17:15.490293
1271,659,5,2,20.04,0.0,40.08,2026-09-24 01:17:15.490293
1272,659,4,2,25.24,0.0,50.48,2026-09-24 01:17:15.490293
1280,662,15,2,73.06,0.0,146.12,2026-09-24 01:17:15.490293
1283,665,20,1,104.91,0.0,104.91,2026-09-24 01:17:15.490293
1285,667,4,3,4.45,0.0,13.35,2026-09-24 01:17:15.490293
1286,667,10,1,43.36,0.0,43.36,2026-09-24 01:17:15.490293
1287,667,8,1,52.57,0.0,52.57,2026-09-24 01:17:15.490293
1288,668,13,2,14.56,0.0,29.12,2026-09-24 01:17:15.490293
1289,668,14,1,69.05,0.0,69.05,2026-09-24 01:17:15.490293
1290,669,3,1,23.15,5.05,18.1,2026-09-24 01:17:15.490293
1291,669,6,3,23.0,0.0,69.0,2026-09-24 01:17:15.490293
1293,671,2,1,126.25,0.0,126.25,2026-09-24 01:17:15.490293
1294,672,9,1,9.68,0.0,9.68,2026-09-24 01:17:15.490293
1295,672,16,2,62.51,0.0,125.02,2026-09-24 01:17:15.490293
1296,673,5,1,9.87,0.0,9.87,2026-09-24 01:17:15.490293
1297,673,10,1,149.23,0.0,149.23,2026-09-24 01:17:15.490293
1301,676,10,1,71.15,14.26,56.89,2026-09-24 01:17:15.490293
1302,676,13,1,94.26,0.0,94.26,2026-09-24 01:17:15.490293
1323,688,18,1,11.75,0.0,11.75,2026-09-24 01:17:15.490293
1324,688,7,2,88.94,37.05,140.83,2026-09-24 01:17:15.490293
1328,691,15,1,10.27,0.0,10.27,2026-09-24 01:17:15.490293
1329,691,20,5,5.58,0.0,27.9,2026-09-24 01:17:15.490293
1330,691,9,1,79.11,8.7,70.41,2026-09-24 01:17:15.490293
1335,695,18,3,46.88,0.0,140.64,2026-09-24 01:17:15.490293
1336,696,15,2,11.1,0.0,22.2,2026-09-24 01:17:15.490293
1337,696,19,1,29.51,0.0,29.51,2026-09-24 01:17:15.490293
1338,696,14,1,63.09,0.0,63.09,2026-09-24 01:17:15.490293
1355,704,9,2,24.88,0.0,49.76,2026-09-24 01:17:15.490293
1356,704,8,2,26.84,0.0,53.68,2026-09-24 01:17:15.490293
1357,705,12,1,13.64,0.0,13.64,2026-09-24 01:17:15.490293
1358,705,9,1,55.4,0.0,55.4,2026-09-24 01:17:15.490293
1359,705,16,3,82.93,0.0,248.79,2026-09-24 01:17:15.490293
1368,711,18,3,16.02,0.0,48.06,2026-09-24 01:17:15.490293
1369,711,1,4,14.06,0.0,56.24,2026-09-24 01:17:15.490293
1378,716,2,1,18.13,0.0,18.13,2026-09-24 01:17:15.490293
1379,716,10,1,47.64,0.0,47.64,2026-09-24 01:17:15.490293
1380,717,13,1,82.83,0.0,82.83,2026-09-24 01:17:15.490293
1397,729,4,1,99.03,0.0,99.03,2026-09-24 01:17:15.490293
1432,747,11,5,29.49,0.0,147.45,2026-09-24 01:17:15.490293
1441,752,16,2,4.18,0.0,8.36,2026-09-24 01:17:15.490293
1442,752,13,2,3.1,0.0,6.2,2026-09-24 01:17:15.490293
1443,752,16,1,11.82,0.0,11.82,2026-09-24 01:17:15.490293
1444,752,15,2,11.85,0.0,23.7,2026-09-24 01:17:15.490293
1445,752,13,3,10.08,0.0,30.24,2026-09-24 01:17:15.490293
1451,755,10,1,106.39,0.0,106.39,2026-09-24 01:17:15.490293
1457,760,19,1,5.29,0.0,5.29,2026-09-24 01:17:15.490293
1458,760,13,1,11.59,0.0,11.59,2026-09-24 01:17:15.490293
1459,760,17,1,44.06,0.0,44.06,2026-09-24 01:17:15.490293
1462,763,4,3,2.97,0.0,8.91,2026-09-24 01:17:15.490293
1463,763,9,2,3.0,0.0,6.0,2026-09-24 01:17:15.490293
1464,763,14,4,1.48,0.0,5.92,2026-09-24 01:17:15.490293
1465,763,16,1,23.66,0.0,23.66,2026-09-24 01:17:15.490293
1474,766,16,3,3.54,0.0,10.62,2026-09-24 01:17:15.490293
1475,766,12,2,3.49,0.0,6.98,2026-09-24 01:17:15.490293
1476,766,14,1,16.6,0.0,16.6,2026-09-24 01:17:15.490293
1477,766,14,2,9.69,4.17,15.21,2026-09-24 01:17:15.490293
1481,769,20,1,10.98,0.0,10.98,2026-09-24 01:17:15.490293
1482,769,11,5,7.78,0.0,38.9,2026-09-24 01:17:15.490293
1519,786,1,2,92.47,0.0,184.94,2026-09-24 01:17:15.490293
1541,796,11,1,161.08,0.0,161.08,2026-09-24 01:17:15.490293
1544,799,18,1,24.93,6.55,18.38,2026-09-24 01:17:15.490293
1545,799,8,1,19.06,0.0,19.06,2026-09-24 01:17:15.490293
1546,799,10,1,31.57,0.0,31.57,2026-09-24 01:17:15.490293
1547,799,16,1,50.3,0.0,50.3,2026-09-24 01:17:15.490293
1553,802,15,1,28.89,0.0,28.89,2026-09-24 01:17:15.490293
1554,802,15,2,59.84,0.0,119.68,2026-09-24 01:17:15.490293
1568,809,14,1,14.14,2.53,11.61,2026-09-24 01:17:15.490293
1569,809,5,2,64.7,0.0,129.4,2026-09-24 01:17:15.490293
1572,812,18,2,3.75,0.0,7.5,2026-09-24 01:17:15.490293
1573,812,9,1,72.77,0.0,72.77,2026-09-24 01:17:15.490293
1574,812,1,1,76.47,0.0,76.47,2026-09-24 01:17:15.490293
1598,823,5,1,15.33,1.33,14.0,2026-09-24 01:17:15.490293
1599,823,20,4,3.0,0.0,12.0,2026-09-24 01:17:15.490293
1600,823,8,1,25.97,0.0,25.97,2026-09-24 01:17:15.490293
1601,823,3,1,37.96,0.0,37.96,2026-09-24 01:17:15.490293
1607,825,7,1,159.08,0.0,159.08,2026-09-24 01:17:15.490293
1617,830,6,1,38.21,0.0,38.21,2026-09-24 01:17:15.490293
1618,830,12,1,84.51,0.0,84.51,2026-09-24 01:17:15.490293
1621,833,18,3,6.19,0.0,18.57,2026-09-24 01:17:15.490293
1622,833,9,1,38.09,0.0,38.09,2026-09-24 01:17:15.490293
1623,833,9,1,50.12,0.0,50.12,2026-09-24 01:17:15.490293
1624,833,6,2,25.64,6.77,44.51,2026-09-24 01:17:15.490293
1633,840,14,1,65.32,0.0,65.32,2026-09-24 01:17:15.490293
1637,843,7,3,16.66,0.0,49.98,2026-09-24 01:17:15.490293
1639,845,4,2,41.05,16.23,65.87,2026-09-24 01:17:15.490293
1644,848,18,5,26.77,0.0,133.85,2026-09-24 01:17:15.490293
1655,855,14,2,73.17,0.0,146.34,2026-09-24 01:17:15.490293
1665,859,14,1,15.24,4.12,11.12,2026-09-24 01:17:15.490293
1666,859,19,1,87.45,0.0,87.45,2026-09-24 01:17:15.490293
1667,859,4,1,97.1,24.94,72.16,2026-09-24 01:17:15.490293
1668,860,19,5,1.71,2.22,6.33,2026-09-24 01:17:15.490293
1669,860,5,1,122.84,24.78,98.06,2026-09-24 01:17:15.490293
1673,862,19,2,97.52,0.0,195.04,2026-09-24 01:17:15.490293
1674,863,9,2,7.45,3.11,11.79,2026-09-24 01:17:15.490293
1675,863,8,3,18.2,0.0,54.6,2026-09-24 01:17:15.490293
1679,865,1,1,192.2,0.0,192.2,2026-09-24 01:17:15.490293
1680,865,12,1,446.24,0.0,446.24,2026-09-24 01:17:15.490293
1681,866,14,1,102.43,0.0,102.43,2026-09-24 01:17:15.490293
1684,868,6,2,5.94,0.0,11.88,2026-09-24 01:17:15.490293
1685,868,17,2,35.8,0.0,71.6,2026-09-24 01:17:15.490293
1722,884,8,1,9.04,0.0,9.04,2026-09-24 01:17:15.490293
1723,884,9,1,151.39,0.0,151.39,2026-09-24 01:17:15.490293
1727,886,10,1,84.32,0.0,84.32,2026-09-24 01:17:15.490293
1734,890,5,1,17.05,0.0,17.05,2026-09-24 01:17:15.490293
1735,890,15,2,3.39,1.11,5.67,2026-09-24 01:17:15.490293
1736,890,13,1,30.67,0.0,30.67,2026-09-24 01:17:15.490293
1737,890,7,1,44.84,0.0,44.84,2026-09-24 01:17:15.490293
1744,894,17,2,22.17,0.0,44.34,2026-09-24 01:17:15.490293
1745,894,11,1,63.38,6.28,57.1,2026-09-24 01:17:15.490293
1746,895,20,1,144.16,0.0,144.16,2026-09-24 01:17:15.490293
1754,898,2,1,114.09,0.0,114.09,2026-09-24 01:17:15.490293
1759,901,11,2,192.87,12.66,373.08,2026-09-24 01:17:15.490293
1764,904,2,1,34.28,4.53,29.75,2026-09-24 01:17:15.490293
1765,904,16,1,41.75,0.0,41.75,2026-09-24 01:17:15.490293
1766,904,7,1,24.93,7.48,17.45,2026-09-24 01:17:15.490293
1767,904,13,4,22.14,0.0,88.56,2026-09-24 01:17:15.490293
1770,906,6,1,5.88,0.0,5.88,2026-09-24 01:17:15.490293
1771,906,3,1,22.74,0.0,22.74,2026-09-24 01:17:15.490293
1836,939,12,3,37.45,0.0,112.35,2026-09-24 01:17:15.490293
1861,954,7,1,14.2,0.0,14.2,2026-09-24 01:17:15.490293
1862,954,9,1,9.24,0.0,9.24,2026-09-24 01:17:15.490293
1863,954,11,2,35.75,0.0,71.5,2026-09-24 01:17:15.490293
1867,957,15,1,28.3,0.0,28.3,2026-09-24 01:17:15.490293
1868,957,13,1,88.0,11.5,76.5,2026-09-24 01:17:15.490293
1877,962,10,3,4.94,2.96,11.86,2026-09-24 01:17:15.490293
1878,962,7,1,111.78,0.0,111.78,2026-09-24 01:17:15.490293
1880,964,9,2,9.91,2.72,17.1,2026-09-24 01:17:15.490293
1881,964,1,1,136.05,0.0,136.05,2026-09-24 01:17:15.490293
1893,972,11,1,117.11,24.85,92.26,2026-09-24 01:17:15.490293
1897,975,2,2,7.46,0.0,14.92,2026-09-24 01:17:15.490293
1898,975,11,2,20.71,0.0,41.42,2026-09-24 01:17:15.490293
1900,977,20,1,11.89,0.0,11.89,2026-09-24 01:17:15.490293
1901,977,19,5,3.15,0.0,15.75,2026-09-24 01:17:15.490293
1916,984,13,1,17.53,1.01,16.52,2026-09-24 01:17:15.490293
1917,984,5,1,42.86,8.23,34.63,2026-09-24 01:17:15.490293
1929,990,1,2,22.39,0.0,44.78,2026-09-24 01:17:15.490293
1930,990,7,1,76.76,0.0,76.76,2026-09-24 01:17:15.490293
1931,990,12,1,179.33,0.0,179.33,2026-09-24 01:17:15.490293
1934,992,2,2,2.57,0.0,5.14,2026-09-24 01:17:15.490293
1935,992,14,2,2.85,1.5,4.2,2026-09-24 01:17:15.490293
1936,992,17,2,6.6,0.0,13.2,2026-09-24 01:17:15.490293
1952,1000,13,1,12.77,0.0,12.77,2026-09-24 01:17:15.490293
1953,1000,7,1,21.02,0.0,21.02,2026-09-24 01:17:15.490293
1954,1000,12,3,33.0,0.0,99.0,2026-09-24 01:17:15.490293
1957,1003,16,1,16.47,1.0,15.47,2026-09-24 01:17:15.490293
1958,1003,4,1,14.78,3.84,10.94,2026-09-24 01:17:15.490293
1959,1003,1,1,19.29,0.0,19.29,2026-09-24 01:17:15.490293
1960,1003,4,1,25.64,0.0,25.64,2026-09-24 01:17:15.490293
1961,1003,1,1,49.48,0.0,49.48,2026-09-24 01:17:15.490293
1966,1007,13,1,23.42,0.0,23.42,2026-09-24 01:17:15.490293
1967,1007,9,1,125.18,0.0,125.18,2026-09-24 01:17:15.490293
1991,1017,3,1,61.03,0.0,61.03,2026-09-24 01:17:15.490293
1992,1017,11,1,67.5,0.0,67.5,2026-09-24 01:17:15.490293
1993,1018,6,2,14.93,0.0,29.86,2026-09-24 01:17:15.490293
1994,1018,14,1,364.24,63.43,300.81,2026-09-24 01:17:15.490293
2012,1028,2,1,55.23,0.0,55.23,2026-09-24 01:17:15.490293
2027,1038,2,1,38.56,5.36,33.2,2026-09-24 01:17:15.490293
2028,1038,17,2,27.39,0.0,54.78,2026-09-24 01:17:15.490293
2029,1038,20,2,32.62,0.0,65.24,2026-09-24 01:17:15.490293
2067,1062,14,1,59.45,13.4,46.05,2026-09-24 01:17:15.490293
2068,1062,17,1,81.99,0.0,81.99,2026-09-24 01:17:15.490293
2129,1091,3,1,122.58,0.0,122.58,2026-09-24 01:17:15.490293
2130,1092,14,1,26.49,0.0,26.49,2026-09-24 01:17:15.490293
2131,1092,10,1,95.16,0.0,95.16,2026-09-24 01:17:15.490293
2132,1093,9,3,90.33,0.0,270.99,2026-09-24 01:17:15.490293
2133,1094,1,3,127.27,0.0,381.81,2026-09-24 01:17:15.490293
2138,1096,18,1,41.93,0.0,41.93,2026-09-24 01:17:15.490293
2139,1096,16,1,60.45,0.0,60.45,2026-09-24 01:17:15.490293
2140,1097,11,1,44.39,5.98,38.41,2026-09-24 01:17:15.490293
2141,1097,7,1,51.84,0.0,51.84,2026-09-24 01:17:15.490293
2145,1099,19,1,101.32,0.0,101.32,2026-09-24 01:17:15.490293
2159,1105,1,1,13.5,0.0,13.5,2026-09-24 01:17:15.490293
2160,1105,8,2,6.9,3.76,10.04,2026-09-24 01:17:15.490293
2161,1105,1,1,9.44,0.0,9.44,2026-09-24 01:17:15.490293
2162,1105,10,2,16.36,8.5,24.22,2026-09-24 01:17:15.490293
2163,1106,5,2,6.91,0.0,13.82,2026-09-24 01:17:15.490293
2164,1106,4,1,15.68,0.0,15.68,2026-09-24 01:17:15.490293
2165,1106,11,1,10.48,0.0,10.48,2026-09-24 01:17:15.490293
2166,1106,19,1,33.03,0.0,33.03,2026-09-24 01:17:15.490293
2167,1107,3,1,108.03,5.88,102.15,2026-09-24 01:17:15.490293
2168,1108,19,1,5.37,0.0,5.37,2026-09-24 01:17:15.490293
2169,1108,2,2,5.13,1.3,8.96,2026-09-24 01:17:15.490293
2170,1108,9,1,13.02,1.28,11.74,2026-09-24 01:17:15.490293
2171,1108,10,1,18.16,0.0,18.16,2026-09-24 01:17:15.490293
2185,1116,6,1,6.44,0.0,6.44,2026-09-24 01:17:15.490293
2186,1116,13,1,29.55,0.0,29.55,2026-09-24 01:17:15.490293
2187,1116,3,1,18.14,2.27,15.87,2026-09-24 01:17:15.490293
2188,1116,4,4,8.29,0.0,33.16,2026-09-24 01:17:15.490293
2189,1116,3,3,14.84,0.0,44.52,2026-09-24 01:17:15.490293
2193,1119,11,1,126.34,8.32,118.02,2026-09-24 01:17:15.490293
2200,1123,12,4,29.52,0.0,118.08,2026-09-24 01:17:15.490293
2201,1124,12,1,120.56,0.0,120.56,2026-09-24 01:17:15.490293
2202,1125,9,2,5.63,1.27,9.99,2026-09-24 01:17:15.490293
2203,1125,3,1,17.16,0.0,17.16,2026-09-24 01:17:15.490293
2204,1125,3,1,73.25,0.0,73.25,2026-09-24 01:17:15.490293
2212,1130,10,2,8.12,2.73,13.51,2026-09-24 01:17:15.490293
2213,1130,13,1,55.65,0.0,55.65,2026-09-24 01:17:15.490293
2214,1131,2,1,45.1,0.0,45.1,2026-09-24 01:17:15.490293
2215,1131,10,1,52.95,15.12,37.83,2026-09-24 01:17:15.490293
2224,1137,16,1,10.92,0.0,10.92,2026-09-24 01:17:15.490293
2225,1137,17,2,51.26,0.0,102.52,2026-09-24 01:17:15.490293
2230,1140,10,1,27.21,0.0,27.21,2026-09-24 01:17:15.490293
2231,1140,10,2,22.61,0.0,45.22,2026-09-24 01:17:15.490293
2232,1140,15,1,73.36,0.0,73.36,2026-09-24 01:17:15.490293
2233,1141,16,1,5.19,0.0,5.19,2026-09-24 01:17:15.490293
2234,1141,12,2,9.63,0.0,19.26,2026-09-24 01:17:15.490293
2241,1147,3,1,104.58,0.0,104.58,2026-09-24 01:17:15.490293
2242,1148,8,1,33.59,0.0,33.59,2026-09-24 01:17:15.490293
2243,1148,14,1,104.78,0.0,104.78,2026-09-24 01:17:15.490293
2244,1149,5,1,55.47,0.0,55.47,2026-09-24 01:17:15.490293
2284,1165,11,3,4.76,0.0,14.28,2026-09-24 01:17:15.490293
2285,1165,16,3,2.69,0.0,8.07,2026-09-24 01:17:15.490293
2286,1165,2,1,25.55,0.0,25.55,2026-09-24 01:17:15.490293
2287,1165,16,2,18.78,0.0,37.56,2026-09-24 01:17:15.490293
2288,1166,17,2,4.21,1.1,7.32,2026-09-24 01:17:15.490293
2289,1166,7,1,7.83,0.0,7.83,2026-09-24 01:17:15.490293
2290,1166,19,1,7.23,0.0,7.23,2026-09-24 01:17:15.490293
2291,1166,6,1,24.2,0.0,24.2,2026-09-24 01:17:15.490293
2296,1170,11,2,3.5,0.0,7.0,2026-09-24 01:17:15.490293
2297,1170,7,2,16.85,0.0,33.7,2026-09-24 01:17:15.490293
2304,1176,20,2,36.78,0.0,73.56,2026-09-24 01:17:15.490293
2305,1177,11,1,11.23,0.0,11.23,2026-09-24 01:17:15.490293
2306,1177,6,1,16.71,4.02,12.69,2026-09-24 01:17:15.490293
2307,1177,13,2,24.62,0.0,49.24,2026-09-24 01:17:15.490293
2308,1178,13,1,14.4,0.0,14.4,2026-09-24 01:17:15.490293
2309,1178,12,3,2.22,0.0,6.66,2026-09-24 01:17:15.490293
2310,1178,13,1,15.01,0.0,15.01,2026-09-24 01:17:15.490293
2311,1178,6,2,10.56,1.62,19.5,2026-09-24 01:17:15.490293
2312,1178,16,1,56.91,6.59,50.32,2026-09-24 01:17:15.490293
2313,1179,15,1,97.49,17.86,79.63,2026-09-24 01:17:15.490293
2314,1179,5,2,60.78,31.08,90.48,2026-09-24 01:17:15.490293
2316,1181,11,2,17.28,0.0,34.56,2026-09-24 01:17:15.490293
2317,1181,3,1,99.04,0.0,99.04,2026-09-24 01:17:15.490293
2329,1187,18,1,53.81,0.0,53.81,2026-09-24 01:17:15.490293
2330,1187,3,1,65.29,0.0,65.29,2026-09-24 01:17:15.490293
2332,1189,19,1,8.0,1.57,6.43,2026-09-24 01:17:15.490293
2333,1189,17,2,18.91,0.0,37.82,2026-09-24 01:17:15.490293
2335,1191,20,1,30.26,0.0,30.26,2026-09-24 01:17:15.490293
2336,1191,13,2,19.66,0.0,39.32,2026-09-24 01:17:15.490293
2337,1191,5,2,24.68,7.51,41.85,2026-09-24 01:17:15.490293
2351,1198,3,1,62.54,0.0,62.54,2026-09-24 01:17:15.490293
2377,1209,12,1,137.08,0.0,137.08,2026-09-24 01:17:15.490293
2378,1209,17,2,117.7,0.0,235.4,2026-09-24 01:17:15.490293
2379,1210,1,1,12.58,0.0,12.58,2026-09-24 01:17:15.490293
2380,1210,3,4,17.65,0.0,70.6,2026-09-24 01:17:15.490293
2383,1212,3,3,12.5,0.0,37.5,2026-09-24 01:17:15.490293
2384,1212,7,2,71.64,0.0,143.28,2026-09-24 01:17:15.490293
2390,1216,2,1,26.92,0.0,26.92,2026-09-24 01:17:15.490293
2391,1216,15,1,34.64,0.0,34.64,2026-09-24 01:17:15.490293
2392,1216,4,2,40.92,0.0,81.84,2026-09-24 01:17:15.490293
2404,1222,1,2,15.38,0.0,30.76,2026-09-24 01:17:15.490293
2405,1222,5,5,22.42,0.0,112.1,2026-09-24 01:17:15.490293
2411,1224,5,2,11.07,0.0,22.14,2026-09-24 01:17:15.490293
2412,1224,15,4,21.83,0.0,87.32,2026-09-24 01:17:15.490293
2413,1225,13,2,20.46,0.0,40.92,2026-09-24 01:17:15.490293
2414,1226,8,1,84.0,0.0,84.0,2026-09-24 01:17:15.490293
2419,1228,2,1,31.94,0.0,31.94,2026-09-24 01:17:15.490293
2420,1228,17,2,70.64,5.8,135.48,2026-09-24 01:17:15.490293
2428,1233,4,4,10.13,0.0,40.52,2026-09-24 01:17:15.490293
2447,1242,13,2,15.27,0.0,30.54,2026-09-24 01:17:15.490293
2448,1242,4,2,61.95,0.0,123.9,2026-09-24 01:17:15.490293
2451,1244,17,1,10.64,1.31,9.33,2026-09-24 01:17:15.490293
2452,1244,11,1,75.1,0.0,75.1,2026-09-24 01:17:15.490293
2459,1248,18,1,104.81,12.63,92.18,2026-09-24 01:17:15.490293
2464,1252,7,1,382.38,0.0,382.38,2026-09-24 01:17:15.490293
2466,1254,2,1,12.74,0.0,12.74,2026-09-24 01:17:15.490293
2467,1254,10,3,2.23,0.0,6.69,2026-09-24 01:17:15.490293
2468,1254,16,2,15.95,0.0,31.9,2026-09-24 01:17:15.490293
2469,1255,10,2,54.73,0.0,109.46,2026-09-24 01:17:15.490293
2499,1266,10,1,359.55,48.72,310.83,2026-09-24 01:17:15.490293
2503,1269,12,2,128.55,0.0,257.1,2026-09-24 01:17:15.490293
2504,1270,17,1,6.21,0.0,6.21,2026-09-24 01:17:15.490293
2505,1270,7,1,36.37,0.0,36.37,2026-09-24 01:17:15.490293
2507,1272,3,1,10.85,0.0,10.85,2026-09-24 01:17:15.490293
2508,1272,20,1,77.01,0.0,77.01,2026-09-24 01:17:15.490293
2532,1284,9,1,96.42,0.0,96.42,2026-09-24 01:17:15.490293
2535,1286,13,1,186.88,0.0,186.88,2026-09-24 01:17:15.490293
2536,1287,6,1,7.44,0.0,7.44,2026-09-24 01:17:15.490293
2537,1287,14,1,58.16,14.14,44.02,2026-09-24 01:17:15.490293
2538,1287,6,1,194.76,0.0,194.76,2026-09-24 01:17:15.490293
2544,1291,19,3,21.19,0.0,63.57,2026-09-24 01:17:15.490293
2545,1291,4,1,132.33,0.0,132.33,2026-09-24 01:17:15.490293
2558,1298,11,2,23.86,0.0,47.72,2026-09-24 01:17:15.490293
2562,1300,10,1,14.37,1.05,13.32,2026-09-24 01:17:15.490293
2563,1300,10,1,14.61,0.0,14.61,2026-09-24 01:17:15.490293
2564,1300,3,3,2.7,0.0,8.1,2026-09-24 01:17:15.490293
2565,1300,14,1,34.93,0.0,34.93,2026-09-24 01:17:15.490293
2566,1301,18,1,17.19,2.55,14.64,2026-09-24 01:17:15.490293
2567,1301,4,1,50.71,0.0,50.71,2026-09-24 01:17:15.490293
2568,1301,19,1,62.36,0.0,62.36,2026-09-24 01:17:15.490293
2577,1308,14,1,32.82,0.0,32.82,2026-09-24 01:17:15.490293
2578,1308,13,1,38.35,0.0,38.35,2026-09-24 01:17:15.490293
2579,1308,1,1,71.01,11.63,59.38,2026-09-24 01:17:15.490293
2589,1314,3,1,98.01,0.0,98.01,2026-09-24 01:17:15.490293
2599,1319,4,2,10.46,0.0,20.92,2026-09-24 01:17:15.490293
2600,1319,18,1,38.83,0.0,38.83,2026-09-24 01:17:15.490293
2601,1319,16,1,47.99,0.0,47.99,2026-09-24 01:17:15.490293
2609,1324,6,1,31.71,2.9,28.81,2026-09-24 01:17:15.490293
2610,1324,8,3,15.8,0.0,47.4,2026-09-24 01:17:15.490293
2611,1325,17,1,171.23,5.12,166.11,2026-09-24 01:17:15.490293
2622,1331,19,1,14.21,0.0,14.21,2026-09-24 01:17:15.490293
2623,1331,3,2,7.03,0.0,14.06,2026-09-24 01:17:15.490293
2624,1331,19,3,3.37,0.0,10.11,2026-09-24 01:17:15.490293
2625,1331,19,1,21.24,2.58,18.66,2026-09-24 01:17:15.490293
2626,1331,5,2,23.02,0.0,46.04,2026-09-24 01:17:15.490293
2630,1335,11,1,15.73,0.0,15.73,2026-09-24 01:17:15.490293
2631,1335,14,2,11.83,0.0,23.66,2026-09-24 01:17:15.490293
2632,1335,3,2,44.57,0.0,89.14,2026-09-24 01:17:15.490293
2650,1342,1,1,54.87,0.0,54.87,2026-09-24 01:17:15.490293
2670,1350,20,2,42.18,0.0,84.36,2026-09-24 01:17:15.490293
2676,1353,18,1,101.43,23.78,77.65,2026-09-24 01:17:15.490293
2696,1363,13,1,186.58,0.0,186.58,2026-09-24 01:17:15.490293
2711,1370,4,1,83.6,10.15,73.45,2026-09-24 01:17:15.490293
2713,1372,11,1,12.21,1.92,10.29,2026-09-24 01:17:15.490293
2714,1372,9,1,40.98,0.0,40.98,2026-09-24 01:17:15.490293
2715,1372,2,2,40.79,0.0,81.58,2026-09-24 01:17:15.490293
2718,1374,8,1,16.3,0.0,16.3,2026-09-24 01:17:15.490293
2719,1374,15,1,64.17,0.0,64.17,2026-09-24 01:17:15.490293
2722,1376,10,1,390.88,0.0,390.88,2026-09-24 01:17:15.490293
2728,1379,13,4,18.93,0.0,75.72,2026-09-24 01:17:15.490293
2729,1379,20,1,205.08,52.21,152.87,2026-09-24 01:17:15.490293
2734,1382,20,4,28.95,0.0,115.8,2026-09-24 01:17:15.490293
2737,1384,19,2,93.75,0.0,187.5,2026-09-24 01:17:15.490293
2756,1395,4,1,10.74,2.61,8.13,2026-09-24 01:17:15.490293
2757,1395,6,2,18.17,0.0,36.34,2026-09-24 01:17:15.490293
2758,1395,20,1,85.66,19.4,66.26,2026-09-24 01:17:15.490293
2759,1396,3,2,43.53,0.0,87.06,2026-09-24 01:17:15.490293
2760,1397,13,1,34.98,0.0,34.98,2026-09-24 01:17:15.490293
2761,1397,4,1,20.52,0.0,20.52,2026-09-24 01:17:15.490293
2762,1397,20,1,30.35,7.8,22.55,2026-09-24 01:17:15.490293
2763,1397,4,1,93.79,0.0,93.79,2026-09-24 01:17:15.490293
2768,1402,5,2,6.24,0.0,12.48,2026-09-24 01:17:15.490293
2769,1402,20,1,56.6,0.0,56.6,2026-09-24 01:17:15.490293
2770,1403,9,3,5.65,0.0,16.95,2026-09-24 01:17:15.490293
2771,1403,17,2,39.11,0.0,78.22,2026-09-24 01:17:15.490293
2772,1403,9,2,4.99,0.0,9.98,2026-09-24 01:17:15.490293
2773,1403,12,2,73.18,38.76,107.6,2026-09-24 01:17:15.490293
2774,1403,10,1,193.61,0.0,193.61,2026-09-24 01:17:15.490293
2775,1404,14,1,93.68,4.13,89.55,2026-09-24 01:17:15.490293
2776,1404,15,2,16.24,0.0,32.48,2026-09-24 01:17:15.490293
2777,1404,4,2,84.35,0.0,168.7,2026-09-24 01:17:15.490293
2785,1410,14,1,7.86,0.0,7.86,2026-09-24 01:17:15.490293
2786,1410,6,1,5.24,1.45,3.79,2026-09-24 01:17:15.490293
2787,1410,20,2,8.14,0.0,16.28,2026-09-24 01:17:15.490293
2788,1410,20,1,17.56,0.0,17.56,2026-09-24 01:17:15.490293
2798,1415,11,1,49.35,0.0,49.35,2026-09-24 01:17:15.490293
2799,1415,5,1,81.56,0.0,81.56,2026-09-24 01:17:15.490293
2800,1416,10,5,16.63,0.0,83.15,2026-09-24 01:17:15.490293
2801,1416,9,2,76.92,33.94,119.9,2026-09-24 01:17:15.490293
2811,1420,20,1,6.7,0.0,6.7,2026-09-24 01:17:15.490293
2812,1420,15,2,3.17,0.0,6.34,2026-09-24 01:17:15.490293
2813,1420,12,2,8.31,4.64,11.98,2026-09-24 01:17:15.490293
2814,1420,3,1,7.58,0.0,7.58,2026-09-24 01:17:15.490293
2815,1420,17,1,67.8,0.0,67.8,2026-09-24 01:17:15.490293
2825,1427,5,1,9.27,1.02,8.25,2026-09-24 01:17:15.490293
2826,1427,17,1,22.44,0.0,22.44,2026-09-24 01:17:15.490293
2832,1430,8,1,303.93,0.0,303.93,2026-09-24 01:17:15.490293
2833,1431,9,2,26.91,0.0,53.82,2026-09-24 01:17:15.490293
2834,1431,7,1,16.4,0.0,16.4,2026-09-24 01:17:15.490293
2835,1431,17,3,3.17,0.0,9.51,2026-09-24 01:17:15.490293
2836,1431,5,2,40.63,0.0,81.26,2026-09-24 01:17:15.490293
2837,1431,10,3,46.24,0.0,138.72,2026-09-24 01:17:15.490293
2848,1439,13,1,7.5,0.0,7.5,2026-09-24 01:17:15.490293
2849,1439,20,1,41.58,0.0,41.58,2026-09-24 01:17:15.490293
2861,1447,10,1,41.1,0.0,41.1,2026-09-24 01:17:15.490293
2862,1447,16,1,99.42,0.0,99.42,2026-09-24 01:17:15.490293
2885,1460,12,1,20.12,0.0,20.12,2026-09-24 01:17:15.490293
2886,1460,15,2,70.83,0.0,141.66,2026-09-24 01:17:15.490293
2900,1466,3,3,19.98,0.0,59.94,2026-09-24 01:17:15.490293
2905,1470,19,1,103.4,0.0,103.4,2026-09-24 01:17:15.490293
2931,1480,7,1,68.91,0.0,68.91,2026-09-24 01:17:15.490293
2934,1482,10,1,19.4,0.0,19.4,2026-09-24 01:17:15.490293
2935,1482,18,1,81.92,0.0,81.92,2026-09-24 01:17:15.490293
2939,1484,2,3,5.43,0.0,16.29,2026-09-24 01:17:15.490293
2940,1484,3,1,58.01,0.0,58.01,2026-09-24 01:17:15.490293
2946,1488,8,1,29.24,3.87,25.37,2026-09-24 01:17:15.490293
2947,1488,15,2,21.47,9.68,33.26,2026-09-24 01:17:15.490293
2953,1490,18,1,97.86,0.0,97.86,2026-09-24 01:17:15.490293
2991,1503,6,1,29.64,0.0,29.64,2026-09-24 01:17:15.490293
2992,1503,7,1,11.42,0.0,11.42,2026-09-24 01:17:15.490293
2993,1503,16,2,24.8,0.0,49.6,2026-09-24 01:17:15.490293
2994,1504,5,1,51.3,0.0,51.3,2026-09-24 01:17:15.490293
2997,1506,20,3,9.41,0.0,28.23,2026-09-24 01:17:15.490293
2998,1506,10,2,22.32,0.0,44.64,2026-09-24 01:17:15.490293
2999,1506,6,1,47.78,0.0,47.78,2026-09-24 01:17:15.490293
3000,1507,16,3,11.76,7.79,27.49,2026-09-24 01:17:15.490293
3001,1507,3,3,31.43,0.0,94.29,2026-09-24 01:17:15.490293
3019,1517,10,2,3.88,0.0,7.76,2026-09-24 01:17:15.490293
3020,1517,18,1,34.51,0.0,34.51,2026-09-24 01:17:15.490293
3021,1517,10,2,33.45,0.0,66.9,2026-09-24 01:17:15.490293
3024,1519,17,1,14.83,0.0,14.83,2026-09-24 01:17:15.490293
3025,1519,12,1,21.75,0.0,21.75,2026-09-24 01:17:15.490293
3026,1519,18,1,19.64,0.0,19.64,2026-09-24 01:17:15.490293
3027,1519,13,3,8.16,0.0,24.48,2026-09-24 01:17:15.490293
3048,1528,20,1,8.11,0.0,8.11,2026-09-24 01:17:15.490293
3049,1528,12,1,13.33,0.0,13.33,2026-09-24 01:17:15.490293
3058,1534,3,1,9.7,0.0,9.7,2026-09-24 01:17:15.490293
3059,1534,12,2,69.72,0.0,139.44,2026-09-24 01:17:15.490293
3078,1543,12,2,13.36,0.0,26.72,2026-09-24 01:17:15.490293
3079,1543,10,4,18.08,0.0,72.32,2026-09-24 01:17:15.490293
3086,1546,16,2,7.54,0.0,15.08,2026-09-24 01:17:15.490293
3087,1546,20,1,17.28,0.0,17.28,2026-09-24 01:17:15.490293
3088,1546,19,1,20.22,0.0,20.22,2026-09-24 01:17:15.490293
3089,1547,11,1,180.42,0.0,180.42,2026-09-24 01:17:15.490293
3090,1548,13,2,13.82,4.17,23.47,2026-09-24 01:17:15.490293
3091,1548,3,1,44.12,5.19,38.93,2026-09-24 01:17:15.490293
3092,1548,1,1,52.86,0.0,52.86,2026-09-24 01:17:15.490293
3096,1550,12,3,30.18,0.0,90.54,2026-09-24 01:17:15.490293
3116,1559,17,1,25.51,0.0,25.51,2026-09-24 01:17:15.490293
3117,1559,18,1,110.35,0.0,110.35,2026-09-24 01:17:15.490293
3118,1560,1,1,119.11,0.0,119.11,2026-09-24 01:17:15.490293
3119,1561,14,1,19.72,4.79,14.93,2026-09-24 01:17:15.490293
3120,1561,16,2,30.96,0.0,61.92,2026-09-24 01:17:15.490293
3121,1561,12,1,33.44,0.0,33.44,2026-09-24 01:17:15.490293
3122,1561,2,1,100.91,0.0,100.91,2026-09-24 01:17:15.490293
3139,1572,5,1,23.56,0.0,23.56,2026-09-24 01:17:15.490293
3140,1572,8,1,75.56,14.7,60.86,2026-09-24 01:17:15.490293
3153,1579,15,1,26.75,4.38,22.37,2026-09-24 01:17:15.490293
3154,1579,20,4,9.12,0.0,36.48,2026-09-24 01:17:15.490293
3155,1579,4,2,23.82,0.0,47.64,2026-09-24 01:17:15.490293
3156,1579,4,1,43.92,0.0,43.92,2026-09-24 01:17:15.490293
3157,1579,4,4,17.2,0.0,68.8,2026-09-24 01:17:15.490293
3175,1590,15,4,32.02,0.0,128.08,2026-09-24 01:17:15.490293
3177,1592,4,1,13.39,0.0,13.39,2026-09-24 01:17:15.490293
3178,1592,14,1,40.76,0.0,40.76,2026-09-24 01:17:15.490293
3189,1598,12,3,12.44,0.0,37.32,2026-09-24 01:17:15.490293
3194,1601,6,1,20.64,0.0,20.64,2026-09-24 01:17:15.490293
3195,1601,4,1,24.06,5.26,18.8,2026-09-24 01:17:15.490293
3196,1601,10,5,2.65,0.0,13.25,2026-09-24 01:17:15.490293
3197,1601,7,1,43.72,0.0,43.72,2026-09-24 01:17:15.490293
3232,1616,18,2,27.0,3.88,50.12,2026-09-24 01:17:15.490293
3233,1616,9,1,130.28,0.0,130.28,2026-09-24 01:17:15.490293
3234,1617,20,1,55.06,0.0,55.06,2026-09-24 01:17:15.490293
3235,1617,19,1,109.86,0.0,109.86,2026-09-24 01:17:15.490293
3236,1618,6,1,17.19,0.0,17.19,2026-09-24 01:17:15.490293
3237,1618,16,1,374.9,0.0,374.9,2026-09-24 01:17:15.490293
3250,1625,7,3,53.32,0.0,159.96,2026-09-24 01:17:15.490293
3259,1629,4,3,35.13,0.0,105.39,2026-09-24 01:17:15.490293
3260,1630,5,1,45.92,0.0,45.92,2026-09-24 01:17:15.490293
3261,1630,4,1,111.42,6.33,105.09,2026-09-24 01:17:15.490293
3262,1631,5,1,63.11,6.29,56.82,2026-09-24 01:17:15.490293
3263,1631,11,1,34.12,0.0,34.12,2026-09-24 01:17:15.490293
3264,1631,2,1,98.55,18.65,79.9,2026-09-24 01:17:15.490293
3280,1638,19,5,2.31,0.0,11.55,2026-09-24 01:17:15.490293
3281,1638,7,2,10.74,0.0,21.48,2026-09-24 01:17:15.490293
3320,1655,5,1,26.6,0.0,26.6,2026-09-24 01:17:15.490293
3328,1659,13,1,197.84,0.0,197.84,2026-09-24 01:17:15.490293
3375,1679,3,2,76.66,0.0,153.32,2026-09-24 01:17:15.490293
3377,1681,17,1,49.98,0.0,49.98,2026-09-24 01:17:15.490293
3378,1681,2,1,5.76,1.51,4.25,2026-09-24 01:17:15.490293
3379,1681,8,1,62.35,0.0,62.35,2026-09-24 01:17:15.490293
3380,1681,3,1,100.91,14.72,86.19,2026-09-24 01:17:15.490293
3384,1684,2,1,6.9,1.22,5.68,2026-09-24 01:17:15.490293
3385,1684,12,2,3.7,0.0,7.4,2026-09-24 01:17:15.490293
3386,1684,18,2,6.18,1.32,11.04,2026-09-24 01:17:15.490293
3387,1684,8,2,16.25,0.0,32.5,2026-09-24 01:17:15.490293
3388,1684,16,3,10.99,0.0,32.97,2026-09-24 01:17:15.490293
3389,1685,15,2,8.99,0.0,17.98,2026-09-24 01:17:15.490293
3390,1685,13,5,8.13,0.0,40.65,2026-09-24 01:17:15.490293
3391,1685,8,1,45.05,0.0,45.05,2026-09-24 01:17:15.490293
3392,1686,6,1,73.66,0.0,73.66,2026-09-24 01:17:15.490293
3393,1686,14,1,114.59,0.0,114.59,2026-09-24 01:17:15.490293
3402,1692,8,3,3.0,0.0,9.0,2026-09-24 01:17:15.490293
3403,1692,1,5,76.07,0.0,380.35,2026-09-24 01:17:15.490293
3405,1694,6,1,193.72,0.0,193.72,2026-09-24 01:17:15.490293
3414,1698,8,1,111.44,0.0,111.44,2026-09-24 01:17:15.490293
3416,1700,18,1,139.34,0.0,139.34,2026-09-24 01:17:15.490293
3442,1711,11,1,137.34,0.0,137.34,2026-09-24 01:17:15.490293
3446,1714,3,1,74.6,1.56,73.04,2026-09-24 01:17:15.490293
3452,1717,3,1,20.25,0.0,20.25,2026-09-24 01:17:15.490293
3453,1717,20,1,32.45,0.0,32.45,2026-09-24 01:17:15.490293
3454,1717,9,1,47.86,0.0,47.86,2026-09-24 01:17:15.490293
3492,1740,19,3,7.74,4.11,19.11,2026-09-24 01:17:15.490293
3493,1740,9,1,29.8,0.0,29.8,2026-09-24 01:17:15.490293
3494,1740,14,1,71.92,0.0,71.92,2026-09-24 01:17:15.490293
3495,1741,7,1,147.88,0.0,147.88,2026-09-24 01:17:15.490293
3515,1750,7,2,10.52,0.0,21.04,2026-09-24 01:17:15.490293
3516,1750,6,1,27.14,0.0,27.14,2026-09-24 01:17:15.490293
3534,1760,14,3,24.97,0.0,74.91,2026-09-24 01:17:15.490293
3567,1777,10,1,33.13,2.87,30.26,2026-09-24 01:17:15.490293
3568,1777,14,1,739.79,0.0,739.79,2026-09-24 01:17:15.490293
3578,1782,10,1,112.5,33.58,78.92,2026-09-24 01:17:15.490293
3586,1786,15,4,6.82,0.0,27.28,2026-09-24 01:17:15.490293
3587,1786,12,1,124.04,0.0,124.04,2026-09-24 01:17:15.490293
3595,1792,16,1,31.83,0.0,31.83,2026-09-24 01:17:15.490293
3596,1792,5,1,61.0,0.0,61.0,2026-09-24 01:17:15.490293
3605,1798,2,1,7.27,0.0,7.27,2026-09-24 01:17:15.490293
3606,1798,8,2,10.2,0.0,20.4,2026-09-24 01:17:15.490293
3607,1798,3,2,13.42,1.27,25.57,2026-09-24 01:17:15.490293
3640,1812,1,1,11.64,0.0,11.64,2026-09-24 01:17:15.490293
3641,1812,17,2,4.22,1.29,7.15,2026-09-24 01:17:15.490293
3642,1812,16,1,53.78,0.0,53.78,2026-09-24 01:17:15.490293
3643,1813,3,2,8.9,4.24,13.56,2026-09-24 01:17:15.490293
3644,1813,6,1,62.26,0.0,62.26,2026-09-24 01:17:15.490293
3648,1815,20,2,19.66,0.0,39.32,2026-09-24 01:17:15.490293
3663,1823,15,2,12.71,7.28,18.14,2026-09-24 01:17:15.490293
3664,1823,7,1,44.3,11.19,33.11,2026-09-24 01:17:15.490293
3688,1835,8,1,13.89,0.0,13.89,2026-09-24 01:17:15.490293
3689,1835,12,2,25.83,1.27,50.39,2026-09-24 01:17:15.490293
3702,1841,6,1,14.08,0.0,14.08,2026-09-24 01:17:15.490293
3703,1841,18,1,73.91,0.0,73.91,2026-09-24 01:17:15.490293
3709,1845,18,1,56.95,0.0,56.95,2026-09-24 01:17:15.490293
3710,1845,16,1,73.36,0.0,73.36,2026-09-24 01:17:15.490293
3721,1851,15,1,23.29,0.0,23.29,2026-09-24 01:17:15.490293
3722,1851,9,2,22.56,0.0,45.12,2026-09-24 01:17:15.490293
3723,1852,2,1,20.34,0.0,20.34,2026-09-24 01:17:15.490293
3724,1852,18,3,25.94,0.0,77.82,2026-09-24 01:17:15.490293
3728,1855,19,2,94.55,0.0,189.1,2026-09-24 01:17:15.490293
3731,1858,4,1,20.3,1.27,19.03,2026-09-24 01:17:15.490293
3732,1858,16,3,42.15,0.0,126.45,2026-09-24 01:17:15.490293
3742,1865,14,4,7.79,7.11,24.05,2026-09-24 01:17:15.490293
3743,1865,10,1,148.37,0.0,148.37,2026-09-24 01:17:15.490293
3753,1871,19,3,6.2,0.0,18.6,2026-09-24 01:17:15.490293
3754,1871,15,2,9.65,0.0,19.3,2026-09-24 01:17:15.490293
3755,1871,14,2,16.52,0.0,33.04,2026-09-24 01:17:15.490293
3769,1878,17,1,5.24,1.41,3.83,2026-09-24 01:17:15.490293
3770,1878,6,1,25.23,0.0,25.23,2026-09-24 01:17:15.490293
3771,1878,16,1,34.3,0.0,34.3,2026-09-24 01:17:15.490293
3779,1883,15,2,41.1,15.42,66.78,2026-09-24 01:17:15.490293
3788,1889,20,1,109.15,0.0,109.15,2026-09-24 01:17:15.490293
3792,1892,2,1,9.75,0.0,9.75,2026-09-24 01:17:15.490293
3793,1892,4,3,16.68,0.0,50.04,2026-09-24 01:17:15.490293
3804,1898,3,5,2.09,0.0,10.45,2026-09-24 01:17:15.490293
3805,1898,13,1,123.61,15.17,108.44,2026-09-24 01:17:15.490293
3808,1900,10,2,58.4,33.28,83.52,2026-09-24 01:17:15.490293
3809,1901,14,1,29.93,0.0,29.93,2026-09-24 01:17:15.490293
3821,1908,19,2,53.67,0.0,107.34,2026-09-24 01:17:15.490293
3822,1909,13,1,49.23,0.0,49.23,2026-09-24 01:17:15.490293
3823,1909,18,1,112.64,0.0,112.64,2026-09-24 01:17:15.490293
3832,1913,11,1,42.16,0.0,42.16,2026-09-24 01:17:15.490293
3833,1914,7,1,285.76,0.0,285.76,2026-09-24 01:17:15.490293
3842,1918,1,1,37.58,0.0,37.58,2026-09-24 01:17:15.490293
3843,1918,15,3,41.15,26.82,96.63,2026-09-24 01:17:15.490293
3844,1919,5,4,23.63,0.0,94.52,2026-09-24 01:17:15.490293
3845,1920,7,1,30.44,0.0,30.44,2026-09-24 01:17:15.490293
3846,1920,13,1,7.44,0.0,7.44,2026-09-24 01:17:15.490293
3847,1920,4,1,64.76,0.0,64.76,2026-09-24 01:17:15.490293
3848,1921,16,3,13.18,0.0,39.54,2026-09-24 01:17:15.490293
3849,1921,20,1,23.98,0.0,23.98,2026-09-24 01:17:15.490293
3850,1921,3,1,36.47,0.0,36.47,2026-09-24 01:17:15.490293
3851,1921,3,1,175.13,0.0,175.13,2026-09-24 01:17:15.490293
3856,1924,1,2,33.78,0.0,67.56,2026-09-24 01:17:15.490293
3857,1925,16,1,9.6,0.0,9.6,2026-09-24 01:17:15.490293
3858,1925,18,2,5.89,0.0,11.78,2026-09-24 01:17:15.490293
3868,1931,17,3,3.5,2.78,7.72,2026-09-24 01:17:15.490293
3869,1931,12,1,66.73,13.3,53.43,2026-09-24 01:17:15.490293
3889,1940,19,3,52.87,0.0,158.61,2026-09-24 01:17:15.490293
3890,1941,17,2,12.28,0.0,24.56,2026-09-24 01:17:15.490293
3903,1949,12,2,16.52,9.32,23.72,2026-09-24 01:17:15.490293
3905,1951,12,1,24.06,0.0,24.06,2026-09-24 01:17:15.490293
3906,1951,14,1,25.56,0.0,25.56,2026-09-24 01:17:15.490293
3908,1953,4,1,163.13,0.0,163.13,2026-09-24 01:17:15.490293
3919,1961,3,2,8.48,0.0,16.96,2026-09-24 01:17:15.490293
3920,1961,4,2,16.18,0.0,32.36,2026-09-24 01:17:15.490293
3925,1964,20,1,130.9,0.0,130.9,2026-09-24 01:17:15.490293
3926,1965,9,1,129.09,34.14,94.95,2026-09-24 01:17:15.490293
3928,1967,3,2,19.18,11.21,27.15,2026-09-24 01:17:15.490293
3929,1967,7,1,77.95,0.0,77.95,2026-09-24 01:17:15.490293
3934,1969,4,1,129.63,0.0,129.63,2026-09-24 01:17:15.490293
3935,1970,11,2,138.76,0.0,277.52,2026-09-24 01:17:15.490293
3941,1975,17,1,12.73,0.0,12.73,2026-09-24 01:17:15.490293
3942,1975,17,1,101.88,0.0,101.88,2026-09-24 01:17:15.490293
3946,1978,15,2,7.8,0.0,15.6,2026-09-24 01:17:15.490293
3947,1978,6,1,159.29,0.0,159.29,2026-09-24 01:17:15.490293
3950,1980,12,3,18.47,0.0,55.41,2026-09-24 01:17:15.490293
3951,1980,17,3,46.48,0.0,139.44,2026-09-24 01:17:15.490293
3967,1986,1,4,118.85,0.0,475.4,2026-09-24 01:17:15.490293
3971,1988,14,1,12.53,0.0,12.53,2026-09-24 01:17:15.490293
3972,1988,14,2,175.4,11.73,339.07,2026-09-24 01:17:15.490293
3976,1991,15,1,313.65,0.0,313.65,2026-09-24 01:17:15.490293
4014,2011,20,1,6.64,1.79,4.85,2026-09-24 01:17:15.490293
4015,2011,20,3,2.24,0.0,6.72,2026-09-24 01:17:15.490293
4016,2011,14,2,3.27,0.0,6.54,2026-09-24 01:17:15.490293
4017,2011,2,2,5.32,0.0,10.64,2026-09-24 01:17:15.490293
4022,2014,2,1,16.79,0.0,16.79,2026-09-24 01:17:15.490293
4023,2014,14,1,62.46,0.0,62.46,2026-09-24 01:17:15.490293
4025,2016,16,2,91.78,25.84,157.72,2026-09-24 01:17:15.490293
4028,2018,17,1,182.39,0.0,182.39,2026-09-24 01:17:15.490293
4033,2022,6,3,8.86,0.0,26.58,2026-09-24 01:17:15.490293
4034,2022,8,1,13.16,0.0,13.16,2026-09-24 01:17:15.490293
4035,2022,3,3,19.75,0.0,59.25,2026-09-24 01:17:15.490293
4043,2026,19,1,7.61,0.0,7.61,2026-09-24 01:17:15.490293
4044,2026,16,1,41.75,0.0,41.75,2026-09-24 01:17:15.490293
4045,2027,9,1,19.55,0.0,19.55,2026-09-24 01:17:15.490293
4046,2027,10,2,22.42,10.54,34.3,2026-09-24 01:17:15.490293
4047,2028,20,1,81.74,0.0,81.74,2026-09-24 01:17:15.490293
4056,2034,7,1,12.61,0.0,12.61,2026-09-24 01:17:15.490293
4057,2034,19,2,46.8,0.0,93.6,2026-09-24 01:17:15.490293
4061,2037,14,1,190.87,0.0,190.87,2026-09-24 01:17:15.490293
4063,2039,13,3,4.4,0.0,13.2,2026-09-24 01:17:15.490293
4064,2039,6,1,16.02,0.0,16.02,2026-09-24 01:17:15.490293
4065,2039,10,1,10.33,0.0,10.33,2026-09-24 01:17:15.490293
4066,2039,12,1,29.05,0.0,29.05,2026-09-24 01:17:15.490293
4094,2054,12,1,61.81,0.0,61.81,2026-09-24 01:17:15.490293
4095,2054,13,1,65.68,19.43,46.25,2026-09-24 01:17:15.490293
4098,2056,14,3,4.26,0.0,12.78,2026-09-24 01:17:15.490293
4099,2056,4,1,27.97,0.0,27.97,2026-09-24 01:17:15.490293
4107,2060,1,3,55.76,0.0,167.28,2026-09-24 01:17:15.490293
4112,2064,15,1,44.15,0.0,44.15,2026-09-24 01:17:15.490293
4113,2064,10,1,89.55,1.16,88.39,2026-09-24 01:17:15.490293
4116,2066,6,1,6.29,0.0,6.29,2026-09-24 01:17:15.490293
4117,2066,15,2,13.1,0.0,26.2,2026-09-24 01:17:15.490293
4125,2070,15,1,288.21,0.0,288.21,2026-09-24 01:17:15.490293
4126,2071,15,1,75.2,0.0,75.2,2026-09-24 01:17:15.490293
4127,2072,15,1,109.67,0.0,109.67,2026-09-24 01:17:15.490293
4131,2075,18,1,168.61,0.0,168.61,2026-09-24 01:17:15.490293
4137,2080,18,1,24.77,0.0,24.77,2026-09-24 01:17:15.490293
4138,2080,14,1,111.43,0.0,111.43,2026-09-24 01:17:15.490293
4142,2082,16,1,58.31,9.53,48.78,2026-09-24 01:17:15.490293
4162,2092,14,1,79.0,0.0,79.0,2026-09-24 01:17:15.490293
4170,2096,6,2,3.04,1.12,4.96,2026-09-24 01:17:15.490293
4171,2096,10,1,7.88,0.0,7.88,2026-09-24 01:17:15.490293
4172,2096,13,2,11.83,0.0,23.66,2026-09-24 01:17:15.490293
4173,2097,3,1,44.08,0.0,44.08,2026-09-24 01:17:15.490293
4174,2097,9,1,109.78,0.0,109.78,2026-09-24 01:17:15.490293
4175,2098,6,1,31.97,5.31,26.66,2026-09-24 01:17:15.490293
4176,2098,10,1,30.62,0.0,30.62,2026-09-24 01:17:15.490293
4177,2098,20,1,18.91,4.3,14.61,2026-09-24 01:17:15.490293
4178,2098,17,1,11.18,0.0,11.18,2026-09-24 01:17:15.490293
4179,2098,4,1,83.05,0.0,83.05,2026-09-24 01:17:15.490293
4187,2102,2,1,18.89,0.0,18.89,2026-09-24 01:17:15.490293
4188,2102,9,2,3.92,2.22,5.62,2026-09-24 01:17:15.490293
4189,2102,2,1,43.67,8.84,34.83,2026-09-24 01:17:15.490293
4192,2104,17,1,11.37,0.0,11.37,2026-09-24 01:17:15.490293
4193,2104,3,2,9.45,0.0,18.9,2026-09-24 01:17:15.490293
4194,2104,8,1,21.59,0.0,21.59,2026-09-24 01:17:15.490293
4211,2113,2,2,23.08,6.12,40.04,2026-09-24 01:17:15.490293
4212,2113,16,1,137.64,0.0,137.64,2026-09-24 01:17:15.490293
4229,2119,18,1,43.69,1.47,42.22,2026-09-24 01:17:15.490293
4230,2119,6,1,56.29,0.0,56.29,2026-09-24 01:17:15.490293
4239,2124,2,1,7.15,0.0,7.15,2026-09-24 01:17:15.490293
4240,2124,6,3,1.77,1.43,3.88,2026-09-24 01:17:15.490293
4241,2124,6,1,28.62,0.0,28.62,2026-09-24 01:17:15.490293
4242,2124,4,2,13.99,6.76,21.22,2026-09-24 01:17:15.490293
4243,2124,5,1,43.33,0.0,43.33,2026-09-24 01:17:15.490293
4248,2127,14,1,14.02,0.0,14.02,2026-09-24 01:17:15.490293
4249,2127,13,3,30.53,0.0,91.59,2026-09-24 01:17:15.490293
4250,2128,10,3,16.42,0.0,49.26,2026-09-24 01:17:15.490293
4251,2128,18,1,49.01,0.0,49.01,2026-09-24 01:17:15.490293
4252,2128,14,2,24.41,0.0,48.82,2026-09-24 01:17:15.490293
4253,2128,14,2,54.17,0.0,108.34,2026-09-24 01:17:15.490293
4272,2139,7,1,7.0,0.0,7.0,2026-09-24 01:17:15.490293
4273,2139,11,4,6.42,0.0,25.68,2026-09-24 01:17:15.490293
4274,2139,7,3,17.55,0.0,52.65,2026-09-24 01:17:15.490293
4280,2142,4,2,5.49,0.0,10.98,2026-09-24 01:17:15.490293
4281,2142,17,3,5.9,0.0,17.7,2026-09-24 01:17:15.490293
4282,2142,6,2,39.86,21.92,57.8,2026-09-24 01:17:15.490293
4284,2144,2,1,17.75,5.24,12.51,2026-09-24 01:17:15.490293
4285,2144,18,1,101.29,0.0,101.29,2026-09-24 01:17:15.490293
4286,2145,10,1,130.33,0.0,130.33,2026-09-24 01:17:15.490293
4287,2146,14,3,22.26,0.0,66.78,2026-09-24 01:17:15.490293
4288,2146,1,1,130.13,7.45,122.68,2026-09-24 01:17:15.490293
4291,2148,18,3,4.17,3.03,9.48,2026-09-24 01:17:15.490293
4292,2148,4,2,17.74,0.0,35.48,2026-09-24 01:17:15.490293
4293,2148,20,3,19.1,0.0,57.3,2026-09-24 01:17:15.490293
4313,2159,19,2,26.4,0.0,52.8,2026-09-24 01:17:15.490293
4314,2159,15,2,28.43,16.46,40.4,2026-09-24 01:17:15.490293
4334,2170,18,3,10.64,0.0,31.92,2026-09-24 01:17:15.490293
4335,2170,14,1,42.23,5.72,36.51,2026-09-24 01:17:15.490293
4344,2174,15,2,14.81,0.0,29.62,2026-09-24 01:17:15.490293
4345,2174,3,2,18.31,0.0,36.62,2026-09-24 01:17:15.490293
4346,2174,16,1,125.24,0.0,125.24,2026-09-24 01:17:15.490293
4347,2174,12,2,74.0,0.0,148.0,2026-09-24 01:17:15.490293
4348,2175,13,3,20.99,0.0,62.97,2026-09-24 01:17:15.490293
4351,2177,4,1,102.4,0.0,102.4,2026-09-24 01:17:15.490293
4352,2178,14,1,96.8,0.0,96.8,2026-09-24 01:17:15.490293
4358,2182,17,2,42.62,1.2,84.04,2026-09-24 01:17:15.490293
4359,2182,13,1,92.88,0.0,92.88,2026-09-24 01:17:15.490293
4361,2184,19,1,271.89,44.26,227.63,2026-09-24 01:17:15.490293
4362,2185,2,1,179.55,0.0,179.55,2026-09-24 01:17:15.490293
4368,2188,20,2,36.88,0.0,73.76,2026-09-24 01:17:15.490293
4372,2191,15,3,5.51,0.0,16.53,2026-09-24 01:17:15.490293
4373,2191,13,1,7.29,0.0,7.29,2026-09-24 01:17:15.490293
4374,2191,7,1,5.6,0.0,5.6,2026-09-24 01:17:15.490293
4375,2191,2,2,26.25,0.0,52.5,2026-09-24 01:17:15.490293
4387,2199,7,4,2.59,0.0,10.36,2026-09-24 01:17:15.490293
4388,2199,2,1,81.43,0.0,81.43,2026-09-24 01:17:15.490293
4402,2207,20,1,9.63,1.11,8.52,2026-09-24 01:17:15.490293
4403,2207,10,1,65.7,0.0,65.7,2026-09-24 01:17:15.490293
4408,2211,7,2,95.08,13.13,177.03,2026-09-24 01:17:15.490293
4412,2213,7,3,19.36,0.0,58.08,2026-09-24 01:17:15.490293
4413,2213,11,1,92.06,0.0,92.06,2026-09-24 01:17:15.490293
4414,2213,2,1,116.59,0.0,116.59,2026-09-24 01:17:15.490293
4417,2216,7,1,68.32,0.0,68.32,2026-09-24 01:17:15.490293
4429,2224,19,1,45.06,0.0,45.06,2026-09-24 01:17:15.490293
4430,2225,2,2,13.09,0.0,26.18,2026-09-24 01:17:15.490293
4431,2225,2,2,15.1,0.0,30.2,2026-09-24 01:17:15.490293
4432,2225,13,1,34.38,0.0,34.38,2026-09-24 01:17:15.490293
4434,2227,6,2,25.27,0.0,50.54,2026-09-24 01:17:15.490293
4439,2230,9,1,177.66,45.33,132.33,2026-09-24 01:17:15.490293
4440,2231,13,1,68.48,0.0,68.48,2026-09-24 01:17:15.490293
4447,2236,12,1,130.74,0.0,130.74,2026-09-24 01:17:15.490293
4448,2237,10,3,34.92,0.0,104.76,2026-09-24 01:17:15.490293
4455,2241,17,3,24.46,0.0,73.38,2026-09-24 01:17:15.490293
4456,2241,9,2,36.74,0.0,73.48,2026-09-24 01:17:15.490293
4464,2245,18,1,157.08,23.51,133.57,2026-09-24 01:17:15.490293
4469,2248,3,2,14.21,0.0,28.42,2026-09-24 01:17:15.490293
4487,2258,19,1,11.08,0.0,11.08,2026-09-24 01:17:15.490293
4488,2258,8,1,61.92,0.0,61.92,2026-09-24 01:17:15.490293
4489,2259,11,1,136.5,36.89,99.61,2026-09-24 01:17:15.490293
4505,2267,14,1,99.48,0.0,99.48,2026-09-24 01:17:15.490293
4506,2268,16,1,175.71,0.0,175.71,2026-09-24 01:17:15.490293
4509,2270,11,1,5.82,0.0,5.82,2026-09-24 01:17:15.490293
4510,2270,5,4,2.17,0.0,8.68,2026-09-24 01:17:15.490293
4511,2270,20,4,2.04,0.0,8.16,2026-09-24 01:17:15.490293
4512,2270,7,1,8.66,0.0,8.66,2026-09-24 01:17:15.490293
4513,2270,8,1,9.5,2.8,6.7,2026-09-24 01:17:15.490293
4524,2275,14,1,297.46,34.32,263.14,2026-09-24 01:17:15.490293
4527,2277,16,1,116.18,0.0,116.18,2026-09-24 01:17:15.490293
4528,2277,4,2,73.97,0.0,147.94,2026-09-24 01:17:15.490293
4529,2278,10,2,15.0,0.0,30.0,2026-09-24 01:17:15.490293
4530,2278,6,1,24.51,6.42,18.09,2026-09-24 01:17:15.490293
4531,2278,19,1,70.28,0.0,70.28,2026-09-24 01:17:15.490293
4532,2279,3,1,46.72,0.0,46.72,2026-09-24 01:17:15.490293
4533,2279,4,1,116.78,0.0,116.78,2026-09-24 01:17:15.490293
4534,2280,10,1,195.11,0.0,195.11,2026-09-24 01:17:15.490293
4537,2283,1,2,32.88,0.0,65.76,2026-09-24 01:17:15.490293
4538,2283,19,1,123.62,0.0,123.62,2026-09-24 01:17:15.490293
4539,2284,9,3,4.94,0.0,14.82,2026-09-24 01:17:15.490293
4540,2284,9,5,1.84,1.32,7.88,2026-09-24 01:17:15.490293
4541,2284,14,1,14.25,0.0,14.25,2026-09-24 01:17:15.490293
4542,2284,9,4,6.16,0.0,24.64,2026-09-24 01:17:15.490293
4543,2285,8,1,15.97,0.0,15.97,2026-09-24 01:17:15.490293
4544,2285,12,1,103.57,0.0,103.57,2026-09-24 01:17:15.490293
4545,2286,10,2,65.21,0.0,130.42,2026-09-24 01:17:15.490293
4555,2290,20,1,23.27,0.0,23.27,2026-09-24 01:17:15.490293
4556,2290,11,2,18.54,0.0,37.08,2026-09-24 01:17:15.490293
4557,2290,17,3,23.48,15.77,54.67,2026-09-24 01:17:15.490293
4558,2291,17,1,139.52,0.0,139.52,2026-09-24 01:17:15.490293
4559,2291,9,2,204.35,0.0,408.7,2026-09-24 01:17:15.490293
4565,2293,19,1,132.47,0.0,132.47,2026-09-24 01:17:15.490293
4570,2295,10,1,120.45,0.0,120.45,2026-09-24 01:17:15.490293
4572,2297,17,2,65.79,0.0,131.58,2026-09-24 01:17:15.490293
4573,2297,17,1,128.98,0.0,128.98,2026-09-24 01:17:15.490293
4574,2297,15,1,200.03,44.86,155.17,2026-09-24 01:17:15.490293
4581,2301,11,1,740.51,123.43,617.08,2026-09-24 01:17:15.490293
4582,2302,2,1,122.61,21.69,100.92,2026-09-24 01:17:15.490293
4583,2302,15,1,257.04,0.0,257.04,2026-09-24 01:17:15.490293
4584,2303,2,2,56.6,0.0,113.2,2026-09-24 01:17:15.490293
4591,2308,16,1,14.2,0.0,14.2,2026-09-24 01:17:15.490293
4592,2308,8,1,42.73,0.0,42.73,2026-09-24 01:17:15.490293
4595,2310,11,1,116.15,0.0,116.15,2026-09-24 01:17:15.490293
4613,2317,10,4,22.65,0.0,90.6,2026-09-24 01:17:15.490293
4618,2320,5,3,3.41,1.59,8.64,2026-09-24 01:17:15.490293
4619,2320,6,1,13.19,0.0,13.19,2026-09-24 01:17:15.490293
4620,2320,19,1,67.77,1.59,66.18,2026-09-24 01:17:15.490293
4640,2332,11,1,20.12,0.0,20.12,2026-09-24 01:17:15.490293
4641,2332,1,1,38.34,0.0,38.34,2026-09-24 01:17:15.490293
4642,2332,5,2,18.43,0.0,36.86,2026-09-24 01:17:15.490293
4643,2332,6,3,14.82,8.65,35.81,2026-09-24 01:17:15.490293
4648,2335,1,1,355.83,0.0,355.83,2026-09-24 01:17:15.490293
4663,2344,13,2,51.62,0.0,103.24,2026-09-24 01:17:15.490293
4671,2348,1,1,150.66,0.0,150.66,2026-09-24 01:17:15.490293
4673,2350,4,1,359.66,0.0,359.66,2026-09-24 01:17:15.490293
4676,2353,14,3,54.86,0.0,164.58,2026-09-24 01:17:15.490293
4684,2358,11,1,8.44,2.41,6.03,2026-09-24 01:17:15.490293
4685,2358,2,1,130.15,0.0,130.15,2026-09-24 01:17:15.490293
4686,2359,5,1,168.3,0.0,168.3,2026-09-24 01:17:15.490293
4692,2362,11,2,101.86,0.0,203.72,2026-09-24 01:17:15.490293
4738,2384,15,1,184.72,0.0,184.72,2026-09-24 01:17:15.490293
4743,2389,16,3,53.98,0.0,161.94,2026-09-24 01:17:15.490293
4753,2392,18,1,27.5,0.0,27.5,2026-09-24 01:17:15.490293
4754,2392,13,1,44.69,0.0,44.69,2026-09-24 01:17:15.490293
4755,2392,19,3,16.36,0.0,49.08,2026-09-24 01:17:15.490293
4790,2413,2,2,42.38,25.12,59.64,2026-09-24 01:17:15.490293
4799,2417,19,1,113.33,0.0,113.33,2026-09-24 01:17:15.490293
4800,2417,13,1,105.19,0.0,105.19,2026-09-24 01:17:15.490293
4801,2417,7,1,153.69,0.0,153.69,2026-09-24 01:17:15.490293
4819,2424,20,1,7.84,0.0,7.84,2026-09-24 01:17:15.490293
4820,2424,18,3,18.21,6.91,47.72,2026-09-24 01:17:15.490293
4821,2425,19,1,193.56,0.0,193.56,2026-09-24 01:17:15.490293
4826,2429,19,1,43.57,0.0,43.57,2026-09-24 01:17:15.490293
4833,2433,13,1,29.66,0.0,29.66,2026-09-24 01:17:15.490293
4834,2433,12,1,42.75,7.61,35.14,2026-09-24 01:17:15.490293
4842,2438,18,2,5.72,0.0,11.44,2026-09-24 01:17:15.490293
4843,2438,1,1,68.88,6.92,61.96,2026-09-24 01:17:15.490293
4844,2438,13,1,89.09,0.0,89.09,2026-09-24 01:17:15.490293
4864,2449,7,1,7.99,0.0,7.99,2026-09-24 01:17:15.490293
4865,2449,6,1,23.87,7.11,16.76,2026-09-24 01:17:15.490293
4866,2449,11,2,27.95,0.0,55.9,2026-09-24 01:17:15.490293
4867,2450,4,1,84.44,9.78,74.66,2026-09-24 01:17:15.490293
4868,2450,1,1,115.4,30.72,84.68,2026-09-24 01:17:15.490293
4884,2457,17,1,9.68,0.0,9.68,2026-09-24 01:17:15.490293
4885,2457,7,1,30.12,7.45,22.67,2026-09-24 01:17:15.490293
4892,2461,1,1,75.61,15.48,60.13,2026-09-24 01:17:15.490293
4917,2471,1,1,35.89,5.01,30.88,2026-09-24 01:17:15.490293
4918,2471,17,1,78.85,0.0,78.85,2026-09-24 01:17:15.490293
4920,2473,5,1,14.1,0.0,14.1,2026-09-24 01:17:15.490293
4921,2473,16,2,25.05,0.0,50.1,2026-09-24 01:17:15.490293
4956,2491,11,1,138.82,0.0,138.82,2026-09-24 01:17:15.490293
4969,2498,8,1,171.5,50.28,121.22,2026-09-24 01:17:15.490293
4975,2501,20,1,16.36,0.0,16.36,2026-09-24 01:17:15.490293
4976,2501,2,1,13.15,2.52,10.63,2026-09-24 01:17:15.490293
4977,2501,2,2,26.46,0.0,52.92,2026-09-24 01:17:15.490293
4981,2504,17,2,55.29,0.0,110.58,2026-09-24 01:17:15.490293
4991,2509,17,1,298.65,76.84,221.81,2026-09-24 01:17:15.490293
4997,2513,14,1,9.62,1.75,7.87,2026-09-24 01:17:15.490293
4998,2513,9,1,61.77,0.0,61.77,2026-09-24 01:17:15.490293
5002,2515,17,1,20.72,0.0,20.72,2026-09-24 01:17:15.490293
5003,2515,20,2,50.02,0.0,100.04,2026-09-24 01:17:15.490293
5004,2516,6,1,68.9,0.0,68.9,2026-09-24 01:17:15.490293
5005,2516,6,1,112.57,0.0,112.57,2026-09-24 01:17:15.490293
5006,2517,6,2,15.26,0.0,30.52,2026-09-24 01:17:15.490293
5007,2517,4,1,56.01,0.0,56.01,2026-09-24 01:17:15.490293
5008,2518,4,1,123.8,0.0,123.8,2026-09-24 01:17:15.490293
5009,2519,18,1,46.71,0.0,46.71,2026-09-24 01:17:15.490293
5010,2519,10,2,50.11,0.0,100.22,2026-09-24 01:17:15.490293
5013,2521,3,2,32.11,0.0,64.22,2026-09-24 01:17:15.490293
5023,2528,5,3,21.05,5.3,57.85,2026-09-24 01:17:15.490293
5024,2528,13,1,83.59,0.0,83.59,2026-09-24 01:17:15.490293
5027,2530,7,1,71.21,0.0,71.21,2026-09-24 01:17:15.490293
5028,2530,3,1,92.3,0.0,92.3,2026-09-24 01:17:15.490293
5031,2533,10,2,83.17,42.55,123.79,2026-09-24 01:17:15.490293
5038,2537,4,1,208.55,0.0,208.55,2026-09-24 01:17:15.490293
5045,2541,7,4,23.12,0.0,92.48,2026-09-24 01:17:15.490293
5046,2541,3,1,135.34,0.0,135.34,2026-09-24 01:17:15.490293
5080,2560,16,1,331.41,0.0,331.41,2026-09-24 01:17:15.490293
5100,2569,6,1,141.87,0.0,141.87,2026-09-24 01:17:15.490293
5113,2578,8,1,207.27,0.0,207.27,2026-09-24 01:17:15.490293
5118,2582,6,1,53.92,0.0,53.92,2026-09-24 01:17:15.490293
5119,2582,2,1,58.02,0.0,58.02,2026-09-24 01:17:15.490293
5139,2592,8,1,73.64,21.78,51.86,2026-09-24 01:17:15.490293
5140,2593,18,1,302.64,32.41,270.23,2026-09-24 01:17:15.490293
5154,2601,4,2,4.77,0.0,9.54,2026-09-24 01:17:15.490293
5155,2601,2,2,3.95,1.72,6.18,2026-09-24 01:17:15.490293
5156,2601,2,1,79.32,22.78,56.54,2026-09-24 01:17:15.490293
5163,2604,19,1,5.26,0.0,5.26,2026-09-24 01:17:15.490293
5164,2604,14,2,95.43,0.0,190.86,2026-09-24 01:17:15.490293
5165,2604,3,3,83.77,0.0,251.31,2026-09-24 01:17:15.490293
5166,2605,15,1,181.95,53.97,127.98,2026-09-24 01:17:15.490293
5182,2613,15,2,29.97,0.0,59.94,2026-09-24 01:17:15.490293
5183,2613,15,2,320.83,0.0,641.66,2026-09-24 01:17:15.490293
5186,2615,10,3,35.49,0.0,106.47,2026-09-24 01:17:15.490293
5187,2616,15,2,7.97,0.0,15.94,2026-09-24 01:17:15.490293
5188,2616,11,2,5.98,0.0,11.96,2026-09-24 01:17:15.490293
5189,2616,9,1,112.78,8.32,104.46,2026-09-24 01:17:15.490293
5200,2623,5,1,82.62,0.0,82.62,2026-09-24 01:17:15.490293
5207,2627,4,1,134.34,0.0,134.34,2026-09-24 01:17:15.490293
5214,2631,10,2,15.07,5.66,24.48,2026-09-24 01:17:15.490293
5215,2631,17,1,16.48,0.0,16.48,2026-09-24 01:17:15.490293
5216,2631,19,1,17.24,0.0,17.24,2026-09-24 01:17:15.490293
5217,2631,7,1,69.66,0.0,69.66,2026-09-24 01:17:15.490293
5218,2631,12,3,51.66,0.0,154.98,2026-09-24 01:17:15.490293
5236,2642,1,3,31.67,1.8,93.21,2026-09-24 01:17:15.490293
5242,2646,19,1,39.23,0.0,39.23,2026-09-24 01:17:15.490293
5243,2646,12,2,48.66,24.09,73.23,2026-09-24 01:17:15.490293
5245,2648,4,1,89.57,0.0,89.57,2026-09-24 01:17:15.490293
5248,2650,8,1,119.65,0.0,119.65,2026-09-24 01:17:15.490293
5249,2651,1,4,3.92,0.0,15.68,2026-09-24 01:17:15.490293
5250,2651,5,3,4.8,3.09,11.31,2026-09-24 01:17:15.490293
5251,2651,5,5,4.91,6.43,18.12,2026-09-24 01:17:15.490293
5256,2654,7,1,127.88,0.0,127.88,2026-09-24 01:17:15.490293
5263,2659,8,1,30.67,0.0,30.67,2026-09-24 01:17:15.490293
5264,2659,2,5,9.4,0.0,47.0,2026-09-24 01:17:15.490293
5265,2659,3,1,55.39,1.06,54.33,2026-09-24 01:17:15.490293
5266,2660,19,1,40.69,8.44,32.25,2026-09-24 01:17:15.490293
5269,2662,16,1,24.78,0.0,24.78,2026-09-24 01:17:15.490293
5270,2662,16,1,136.99,0.0,136.99,2026-09-24 01:17:15.490293
5303,2678,18,1,154.43,0.0,154.43,2026-09-24 01:17:15.490293
5306,2680,2,1,37.03,0.0,37.03,2026-09-24 01:17:15.490293
5307,2680,8,2,11.61,0.0,23.22,2026-09-24 01:17:15.490293
5308,2680,2,1,96.6,0.0,96.6,2026-09-24 01:17:15.490293
5313,2682,9,1,23.45,0.0,23.45,2026-09-24 01:17:15.490293
5314,2682,20,1,32.4,0.0,32.4,2026-09-24 01:17:15.490293
5315,2682,8,3,11.82,1.94,33.52,2026-09-24 01:17:15.490293
5316,2683,9,1,5.17,0.0,5.17,2026-09-24 01:17:15.490293
5317,2683,12,1,16.14,0.0,16.14,2026-09-24 01:17:15.490293
5324,2689,14,3,3.92,0.0,11.76,2026-09-24 01:17:15.490293
5325,2689,14,1,66.83,15.14,51.69,2026-09-24 01:17:15.490293
5332,2693,18,1,5.49,0.0,5.49,2026-09-24 01:17:15.490293
5333,2693,16,2,7.85,0.0,15.7,2026-09-24 01:17:15.490293
5334,2693,17,1,18.34,0.0,18.34,2026-09-24 01:17:15.490293
5335,2693,15,3,12.79,0.0,38.37,2026-09-24 01:17:15.490293
5338,2695,2,1,16.11,0.0,16.11,2026-09-24 01:17:15.490293
5339,2695,3,2,48.89,0.0,97.78,2026-09-24 01:17:15.490293
5349,2700,13,2,27.46,0.0,54.92,2026-09-24 01:17:15.490293
5350,2700,2,2,29.54,0.0,59.08,2026-09-24 01:17:15.490293
5356,2703,3,1,7.02,0.0,7.02,2026-09-24 01:17:15.490293
5357,2703,6,2,51.77,0.0,103.54,2026-09-24 01:17:15.490293
5358,2704,4,1,136.12,0.0,136.12,2026-09-24 01:17:15.490293
5361,2706,7,1,13.84,0.0,13.84,2026-09-24 01:17:15.490293
5362,2706,3,1,32.37,0.0,32.37,2026-09-24 01:17:15.490293
5374,2712,10,5,39.68,0.0,198.4,2026-09-24 01:17:15.490293
5380,2716,10,1,138.12,0.0,138.12,2026-09-24 01:17:15.490293
5401,2730,9,1,99.94,0.0,99.94,2026-09-24 01:17:15.490293
5433,2743,18,1,94.21,11.37,82.84,2026-09-24 01:17:15.490293
5447,2749,9,1,17.34,0.0,17.34,2026-09-24 01:17:15.490293
5448,2749,6,2,11.07,0.0,22.14,2026-09-24 01:17:15.490293
5449,2749,6,1,68.96,0.0,68.96,2026-09-24 01:17:15.490293
5452,2751,15,1,120.81,0.0,120.81,2026-09-24 01:17:15.490293
5453,2752,2,1,25.37,0.0,25.37,2026-09-24 01:17:15.490293
5454,2752,19,2,12.65,0.0,25.3,2026-09-24 01:17:15.490293
5455,2752,7,4,24.07,0.0,96.28,2026-09-24 01:17:15.490293
5480,2765,20,1,22.53,0.0,22.53,2026-09-24 01:17:15.490293
5481,2765,18,1,36.87,0.0,36.87,2026-09-24 01:17:15.490293
5524,2788,15,1,116.17,0.0,116.17,2026-09-24 01:17:15.490293
5542,2798,4,1,20.8,0.0,20.8,2026-09-24 01:17:15.490293
5543,2798,5,2,15.79,0.0,31.58,2026-09-24 01:17:15.490293
5544,2798,5,2,3.64,0.0,7.28,2026-09-24 01:17:15.490293
5545,2798,11,1,107.41,6.97,100.44,2026-09-24 01:17:15.490293
5554,2803,20,1,15.67,0.0,15.67,2026-09-24 01:17:15.490293
5555,2803,14,1,11.34,0.0,11.34,2026-09-24 01:17:15.490293
5556,2803,18,1,6.58,0.0,6.58,2026-09-24 01:17:15.490293
5557,2803,10,3,6.67,0.0,20.01,2026-09-24 01:17:15.490293
5558,2803,6,1,63.47,5.23,58.24,2026-09-24 01:17:15.490293
5560,2805,9,1,43.08,0.0,43.08,2026-09-24 01:17:15.490293
5561,2805,19,1,48.58,0.0,48.58,2026-09-24 01:17:15.490293
5562,2805,7,2,27.73,4.17,51.29,2026-09-24 01:17:15.490293
5586,2819,7,2,71.64,0.0,143.28,2026-09-24 01:17:15.490293
5621,2837,12,1,11.38,0.0,11.38,2026-09-24 01:17:15.490293
5622,2837,16,3,38.46,0.0,115.38,2026-09-24 01:17:15.490293
5628,2840,4,2,4.18,0.0,8.36,2026-09-24 01:17:15.490293
5629,2840,8,4,12.64,0.0,50.56,2026-09-24 01:17:15.490293
5633,2843,14,2,21.63,0.0,43.26,2026-09-24 01:17:15.490293
5634,2843,9,1,75.74,0.0,75.74,2026-09-24 01:17:15.490293
5654,2854,13,1,99.32,0.0,99.32,2026-09-24 01:17:15.490293
5655,2855,2,1,30.87,0.0,30.87,2026-09-24 01:17:15.490293
5656,2855,4,2,30.86,0.0,61.72,2026-09-24 01:17:15.490293
5659,2857,17,2,81.91,0.0,163.82,2026-09-24 01:17:15.490293
5660,2858,6,1,82.4,0.0,82.4,2026-09-24 01:17:15.490293
5661,2859,8,3,142.35,97.93,329.12,2026-09-24 01:17:15.490293
5662,2860,18,1,32.4,3.05,29.35,2026-09-24 01:17:15.490293
5663,2860,3,1,43.65,0.0,43.65,2026-09-24 01:17:15.490293
5664,2860,19,1,97.62,0.0,97.62,2026-09-24 01:17:15.490293
5668,2862,10,4,12.44,5.52,44.24,2026-09-24 01:17:15.490293
5678,2866,3,3,12.37,0.0,37.11,2026-09-24 01:17:15.490293
5679,2866,13,1,23.3,0.0,23.3,2026-09-24 01:17:15.490293
5680,2866,18,3,8.01,1.33,22.7,2026-09-24 01:17:15.490293
5681,2866,11,2,43.21,11.46,74.96,2026-09-24 01:17:15.490293
5686,2870,11,1,10.44,0.0,10.44,2026-09-24 01:17:15.490293
5687,2870,10,1,10.35,0.0,10.35,2026-09-24 01:17:15.490293
5688,2870,6,1,30.12,0.0,30.12,2026-09-24 01:17:15.490293
5689,2871,8,3,54.68,43.35,120.69,2026-09-24 01:17:15.490293
5690,2872,4,1,14.11,0.0,14.11,2026-09-24 01:17:15.490293
5691,2872,13,1,14.82,0.0,14.82,2026-09-24 01:17:15.490293
5692,2872,6,1,23.42,0.0,23.42,2026-09-24 01:17:15.490293
5696,2874,9,1,34.4,0.0,34.4,2026-09-24 01:17:15.490293
5697,2874,3,2,18.4,0.0,36.8,2026-09-24 01:17:15.490293
5701,2877,18,1,22.67,0.0,22.67,2026-09-24 01:17:15.490293
5702,2877,9,1,65.09,0.0,65.09,2026-09-24 01:17:15.490293
5703,2878,6,2,48.65,0.0,97.3,2026-09-24 01:17:15.490293
5713,2883,5,1,108.02,0.0,108.02,2026-09-24 01:17:15.490293
5715,2885,3,1,188.18,0.0,188.18,2026-09-24 01:17:15.490293
5747,2901,5,1,72.93,0.0,72.93,2026-09-24 01:17:15.490293
5748,2902,14,1,29.88,0.0,29.88,2026-09-24 01:17:15.490293
5749,2902,17,2,54.78,0.0,109.56,2026-09-24 01:17:15.490293
5785,2916,3,1,93.4,9.81,83.59,2026-09-24 01:17:15.490293
5801,2923,13,3,50.75,0.0,152.25,2026-09-24 01:17:15.490293
5846,2942,5,2,87.2,0.0,174.4,2026-09-24 01:17:15.490293
5851,2944,13,1,30.56,0.0,30.56,2026-09-24 01:17:15.490293
5852,2944,9,1,19.85,0.0,19.85,2026-09-24 01:17:15.490293
5853,2944,9,3,36.9,0.0,110.7,2026-09-24 01:17:15.490293
5855,2946,6,3,3.74,0.0,11.22,2026-09-24 01:17:15.490293
5856,2946,15,1,35.78,5.61,30.17,2026-09-24 01:17:15.490293
5857,2946,19,1,71.78,0.0,71.78,2026-09-24 01:17:15.490293
5863,2949,19,1,11.27,0.0,11.27,2026-09-24 01:17:15.490293
5864,2949,11,3,2.93,0.0,8.79,2026-09-24 01:17:15.490293
5865,2949,19,2,22.42,0.0,44.84,2026-09-24 01:17:15.490293
5867,2951,9,1,30.99,0.0,30.99,2026-09-24 01:17:15.490293
5868,2951,13,2,3.66,1.34,5.98,2026-09-24 01:17:15.490293
5869,2951,15,2,37.04,0.0,74.08,2026-09-24 01:17:15.490293
5880,2957,10,2,14.29,0.0,28.58,2026-09-24 01:17:15.490293
5881,2957,17,4,23.27,0.0,93.08,2026-09-24 01:17:15.490293
5884,2959,5,1,63.87,0.0,63.87,2026-09-24 01:17:15.490293
5885,2960,3,1,176.98,0.0,176.98,2026-09-24 01:17:15.490293
5898,2966,4,1,28.27,0.0,28.27,2026-09-24 01:17:15.490293
5899,2966,18,2,24.48,0.0,48.96,2026-09-24 01:17:15.490293
5901,2968,10,2,26.38,0.0,52.76,2026-09-24 01:17:15.490293
5902,2968,15,1,54.82,0.0,54.82,2026-09-24 01:17:15.490293
5921,2979,19,1,6.71,0.0,6.71,2026-09-24 01:17:15.490293
5922,2979,16,2,30.97,0.0,61.94,2026-09-24 01:17:15.490293
5923,2979,6,2,34.88,0.0,69.76,2026-09-24 01:17:15.490293
5934,2984,12,1,11.33,0.0,11.33,2026-09-24 01:17:15.490293
5935,2984,1,1,22.64,0.0,22.64,2026-09-24 01:17:15.490293
5936,2984,5,1,53.52,0.0,53.52,2026-09-24 01:17:15.490293
5937,2985,15,3,46.06,12.98,125.2,2026-09-24 01:17:15.490293
5938,2986,10,1,43.79,0.0,43.79,2026-09-24 01:17:15.490293
5939,2987,4,1,22.24,0.0,22.24,2026-09-24 01:17:15.490293
5940,2987,6,2,17.8,0.0,35.6,2026-09-24 01:17:15.490293
5941,2988,10,2,19.12,0.0,38.24,2026-09-24 01:17:15.490293
5942,2988,13,2,28.36,0.0,56.72,2026-09-24 01:17:15.490293
5946,2991,18,2,2.68,0.0,5.36,2026-09-24 01:17:15.490293
5947,2991,6,3,2.24,0.0,6.72,2026-09-24 01:17:15.490293
5948,2991,2,1,26.06,0.0,26.06,2026-09-24 01:17:15.490293
5949,2992,3,1,29.33,0.0,29.33,2026-09-24 01:17:15.490293
5950,2992,15,1,31.54,5.55,25.99,2026-09-24 01:17:15.490293
5951,2992,1,2,9.22,0.0,18.44,2026-09-24 01:17:15.490293
5952,2992,5,1,14.83,0.0,14.83,2026-09-24 01:17:15.490293
5953,2992,12,1,80.32,15.49,64.83,2026-09-24 01:17:15.490293
5955,2994,5,2,22.04,0.0,44.08,2026-09-24 01:17:15.490293
5956,2994,19,1,226.59,26.69,199.9,2026-09-24 01:17:15.490293
5971,3002,10,5,17.53,0.0,87.65,2026-09-24 01:17:15.490293
5972,3002,18,1,131.44,0.0,131.44,2026-09-24 01:17:15.490293
6010,3022,1,2,5.43,0.0,10.86,2026-09-24 01:17:15.490293
6011,3022,17,1,16.93,5.0,11.93,2026-09-24 01:17:15.490293
6012,3022,6,3,39.7,0.0,119.1,2026-09-24 01:17:15.490293
6015,3024,2,1,43.06,0.0,43.06,2026-09-24 01:17:15.490293
6025,3030,19,1,158.85,0.0,158.85,2026-09-24 01:17:15.490293
6031,3034,3,3,2.65,0.0,7.95,2026-09-24 01:17:15.490293
6032,3034,6,1,32.07,0.0,32.07,2026-09-24 01:17:15.490293
6033,3035,11,2,154.4,0.0,308.8,2026-09-24 01:17:15.490293
6034,3036,4,1,108.92,29.82,79.1,2026-09-24 01:17:15.490293
6042,3042,19,1,8.95,0.0,8.95,2026-09-24 01:17:15.490293
6043,3042,15,5,17.44,0.0,87.2,2026-09-24 01:17:15.490293
6044,3043,5,2,6.51,0.0,13.02,2026-09-24 01:17:15.490293
6045,3043,20,1,12.75,0.0,12.75,2026-09-24 01:17:15.490293
6046,3043,15,1,12.54,0.0,12.54,2026-09-24 01:17:15.490293
6047,3043,14,3,48.67,0.0,146.01,2026-09-24 01:17:15.490293
6064,3051,10,1,20.57,0.0,20.57,2026-09-24 01:17:15.490293
6065,3051,13,1,45.62,0.0,45.62,2026-09-24 01:17:15.490293
6081,3059,9,2,26.45,7.4,45.5,2026-09-24 01:17:15.490293
6082,3059,18,2,62.78,4.53,121.03,2026-09-24 01:17:15.490293
6088,3062,2,1,169.35,0.0,169.35,2026-09-24 01:17:15.490293
6097,3066,12,1,146.53,0.0,146.53,2026-09-24 01:17:15.490293
6102,3070,2,1,472.51,0.0,472.51,2026-09-24 01:17:15.490293
6104,3072,5,1,21.83,0.0,21.83,2026-09-24 01:17:15.490293
6105,3072,10,2,18.53,0.0,37.06,2026-09-24 01:17:15.490293
6106,3073,11,2,26.96,0.0,53.92,2026-09-24 01:17:15.490293
6107,3073,20,1,136.82,0.0,136.82,2026-09-24 01:17:15.490293
6116,3078,13,1,32.68,0.0,32.68,2026-09-24 01:17:15.490293
6117,3078,11,1,116.44,0.0,116.44,2026-09-24 01:17:15.490293
6118,3078,2,2,99.09,0.0,198.18,2026-09-24 01:17:15.490293
6124,3083,13,1,85.92,0.0,85.92,2026-09-24 01:17:15.490293
6125,3083,5,2,114.5,0.0,229.0,2026-09-24 01:17:15.490293
6154,3094,11,2,47.29,0.0,94.58,2026-09-24 01:17:15.490293
6176,3103,6,3,63.16,0.0,189.48,2026-09-24 01:17:15.490293
6180,3106,13,2,15.54,0.0,31.08,2026-09-24 01:17:15.490293
6181,3106,3,1,16.35,2.26,14.09,2026-09-24 01:17:15.490293
6182,3106,16,1,77.13,12.05,65.08,2026-09-24 01:17:15.490293
6192,3112,19,4,11.92,0.0,47.68,2026-09-24 01:17:15.490293
6193,3112,9,2,30.92,12.91,48.93,2026-09-24 01:17:15.490293
6222,3125,7,2,3.11,0.0,6.22,2026-09-24 01:17:15.490293
6223,3125,6,4,2.43,0.0,9.72,2026-09-24 01:17:15.490293
6224,3125,17,1,10.1,0.0,10.1,2026-09-24 01:17:15.490293
6225,3125,18,1,5.57,0.0,5.57,2026-09-24 01:17:15.490293
6226,3125,1,1,23.38,3.81,19.57,2026-09-24 01:17:15.490293
6239,3131,14,2,2.87,1.7,4.04,2026-09-24 01:17:15.490293
6240,3131,15,1,22.25,0.0,22.25,2026-09-24 01:17:15.490293
6241,3131,12,4,7.39,0.0,29.56,2026-09-24 01:17:15.490293
6242,3132,12,1,103.99,0.0,103.99,2026-09-24 01:17:15.490293
6243,3132,5,5,73.06,0.0,365.3,2026-09-24 01:17:15.490293
6246,3134,18,1,42.25,0.0,42.25,2026-09-24 01:17:15.490293
6247,3134,20,1,7.58,0.0,7.58,2026-09-24 01:17:15.490293
6248,3134,18,1,84.95,0.0,84.95,2026-09-24 01:17:15.490293
6258,3140,3,3,4.07,0.0,12.21,2026-09-24 01:17:15.490293
6259,3140,19,1,8.96,0.0,8.96,2026-09-24 01:17:15.490293
6260,3140,10,1,21.91,0.0,21.91,2026-09-24 01:17:15.490293
6261,3140,7,1,34.46,3.21,31.25,2026-09-24 01:17:15.490293
6262,3140,9,1,69.57,0.0,69.57,2026-09-24 01:17:15.490293
6268,3142,19,1,24.85,0.0,24.85,2026-09-24 01:17:15.490293
6274,3144,11,2,189.76,0.0,379.52,2026-09-24 01:17:15.490293
6281,3148,11,1,225.32,66.28,159.04,2026-09-24 01:17:15.490293
6292,3152,10,1,39.94,0.0,39.94,2026-09-24 01:17:15.490293
6307,3160,10,5,7.84,0.0,39.2,2026-09-24 01:17:15.490293
6308,3160,11,2,89.84,0.0,179.68,2026-09-24 01:17:15.490293
6310,3162,6,1,5.17,0.0,5.17,2026-09-24 01:17:15.490293
6311,3162,1,2,18.71,11.11,26.31,2026-09-24 01:17:15.490293
6316,3165,4,1,141.3,0.0,141.3,2026-09-24 01:17:15.490293
6320,3169,18,1,23.72,4.38,19.34,2026-09-24 01:17:15.490293
6321,3169,16,2,13.21,5.67,20.75,2026-09-24 01:17:15.490293
6322,3169,18,1,76.74,0.0,76.74,2026-09-24 01:17:15.490293
6328,3173,1,1,42.36,12.39,29.97,2026-09-24 01:17:15.490293
6329,3173,8,1,154.52,29.44,125.08,2026-09-24 01:17:15.490293
6330,3174,1,1,33.85,0.0,33.85,2026-09-24 01:17:15.490293
6331,3174,6,1,90.83,0.0,90.83,2026-09-24 01:17:15.490293
6335,3176,17,1,89.24,0.0,89.24,2026-09-24 01:17:15.490293
6336,3177,19,4,12.27,0.0,49.08,2026-09-24 01:17:15.490293
6337,3177,17,1,97.45,0.0,97.45,2026-09-24 01:17:15.490293
6350,3185,11,1,16.0,4.14,11.86,2026-09-24 01:17:15.490293
6351,3185,11,1,6.53,0.0,6.53,2026-09-24 01:17:15.490293
6352,3185,17,1,43.73,0.0,43.73,2026-09-24 01:17:15.490293
6354,3187,19,1,110.59,0.0,110.59,2026-09-24 01:17:15.490293
6357,3189,3,1,195.47,0.0,195.47,2026-09-24 01:17:15.490293
6368,3194,12,2,9.52,0.0,19.04,2026-09-24 01:17:15.490293
6369,3194,9,2,68.79,0.0,137.58,2026-09-24 01:17:15.490293
6370,3195,12,1,9.72,0.0,9.72,2026-09-24 01:17:15.490293
6371,3195,4,1,11.11,0.0,11.11,2026-09-24 01:17:15.490293
6372,3195,16,5,3.05,0.0,15.25,2026-09-24 01:17:15.490293
6373,3195,16,1,40.99,0.0,40.99,2026-09-24 01:17:15.490293
6383,3199,15,1,72.37,0.0,72.37,2026-09-24 01:17:15.490293
6386,3202,7,1,24.53,0.0,24.53,2026-09-24 01:17:15.490293
6387,3202,17,1,99.05,0.0,99.05,2026-09-24 01:17:15.490293
6393,3206,14,1,15.87,1.3,14.57,2026-09-24 01:17:15.490293
6394,3206,4,1,17.1,0.0,17.1,2026-09-24 01:17:15.490293
6395,3206,16,1,6.08,0.0,6.08,2026-09-24 01:17:15.490293
6396,3206,16,2,17.98,0.0,35.96,2026-09-24 01:17:15.490293
6403,3209,14,1,5.56,0.0,5.56,2026-09-24 01:17:15.490293
6404,3209,6,2,14.13,0.0,28.26,2026-09-24 01:17:15.490293
6405,3209,17,1,44.51,0.0,44.51,2026-09-24 01:17:15.490293
6477,3238,6,4,2.74,3.12,7.84,2026-09-24 01:17:15.490293
6478,3238,11,4,9.5,0.0,38.0,2026-09-24 01:17:15.490293
6479,3239,14,1,61.4,0.0,61.4,2026-09-24 01:17:15.490293
6480,3239,13,1,185.77,41.01,144.76,2026-09-24 01:17:15.490293
6498,3248,8,2,68.25,0.0,136.5,2026-09-24 01:17:15.490293
6500,3250,18,2,8.05,0.0,16.1,2026-09-24 01:17:15.490293
6501,3250,1,2,19.6,0.0,39.2,2026-09-24 01:17:15.490293
6502,3251,1,3,5.87,2.59,15.02,2026-09-24 01:17:15.490293
6503,3251,18,1,52.41,0.0,52.41,2026-09-24 01:17:15.490293
6504,3252,10,1,88.26,0.0,88.26,2026-09-24 01:17:15.490293
6505,3253,17,4,47.05,0.0,188.2,2026-09-24 01:17:15.490293
6508,3255,10,1,362.23,0.0,362.23,2026-09-24 01:17:15.490293
6511,3257,8,1,176.29,0.0,176.29,2026-09-24 01:17:15.490293
6512,3257,5,2,307.81,0.0,615.62,2026-09-24 01:17:15.490293
6526,3263,12,1,9.74,0.0,9.74,2026-09-24 01:17:15.490293
6527,3263,3,2,4.59,0.0,9.18,2026-09-24 01:17:15.490293
6528,3263,17,2,11.75,0.0,23.5,2026-09-24 01:17:15.490293
6529,3263,17,2,19.86,0.0,39.72,2026-09-24 01:17:15.490293
6536,3268,8,1,50.73,0.0,50.73,2026-09-24 01:17:15.490293
6537,3269,3,1,65.11,0.0,65.11,2026-09-24 01:17:15.490293
6542,3274,12,5,10.14,0.0,50.7,2026-09-24 01:17:15.490293
6543,3274,8,1,163.7,0.0,163.7,2026-09-24 01:17:15.490293
6550,3280,8,2,64.48,0.0,128.96,2026-09-24 01:17:15.490293
6552,3282,1,1,116.31,0.0,116.31,2026-09-24 01:17:15.490293
6559,3286,18,2,49.72,0.0,99.44,2026-09-24 01:17:15.490293
6580,3295,6,1,49.87,0.0,49.87,2026-09-24 01:17:15.490293
6588,3299,14,1,138.82,4.47,134.35,2026-09-24 01:17:15.490293
6615,3312,1,1,67.65,0.0,67.65,2026-09-24 01:17:15.490293
6616,3312,17,1,588.64,0.0,588.64,2026-09-24 01:17:15.490293
6626,3318,18,1,261.39,0.0,261.39,2026-09-24 01:17:15.490293
6627,3319,17,3,21.38,0.0,64.14,2026-09-24 01:17:15.490293
6628,3319,19,1,79.73,0.0,79.73,2026-09-24 01:17:15.490293
6640,3324,10,2,87.76,0.0,175.52,2026-09-24 01:17:15.490293
6677,3343,8,2,7.99,0.0,15.98,2026-09-24 01:17:15.490293
6678,3343,7,4,7.92,0.0,31.68,2026-09-24 01:17:15.490293
6684,3347,2,1,170.93,0.0,170.93,2026-09-24 01:17:15.490293
6685,3348,13,1,36.02,0.0,36.02,2026-09-24 01:17:15.490293
6700,3357,19,3,6.85,0.0,20.55,2026-09-24 01:17:15.490293
6701,3357,2,5,5.12,0.0,25.6,2026-09-24 01:17:15.490293
6702,3357,11,1,46.42,9.71,36.71,2026-09-24 01:17:15.490293
6703,3357,1,1,79.16,13.95,65.21,2026-09-24 01:17:15.490293
6710,3361,4,2,51.36,0.0,102.72,2026-09-24 01:17:15.490293
6711,3362,5,2,53.72,0.0,107.44,2026-09-24 01:17:15.490293
6712,3363,16,1,29.3,0.0,29.3,2026-09-24 01:17:15.490293
6713,3363,4,1,63.62,0.0,63.62,2026-09-24 01:17:15.490293
6717,3366,5,3,7.22,0.0,21.66,2026-09-24 01:17:15.490293
6718,3366,20,1,62.29,3.2,59.09,2026-09-24 01:17:15.490293
6719,3367,6,2,62.77,0.0,125.54,2026-09-24 01:17:15.490293
6720,3368,17,3,62.08,0.0,186.24,2026-09-24 01:17:15.490293
6725,3372,17,1,147.5,0.0,147.5,2026-09-24 01:17:15.490293
6729,3374,8,1,63.92,0.0,63.92,2026-09-24 01:17:15.490293
6735,3376,10,1,50.24,0.0,50.24,2026-09-24 01:17:15.490293
6736,3376,9,1,87.42,0.0,87.42,2026-09-24 01:17:15.490293
6741,3378,1,3,14.09,9.8,32.47,2026-09-24 01:17:15.490293
6742,3378,18,1,104.96,0.0,104.96,2026-09-24 01:17:15.490293
6743,3379,14,2,13.77,0.0,27.54,2026-09-24 01:17:15.490293
6744,3379,7,1,30.8,0.0,30.8,2026-09-24 01:17:15.490293
6745,3379,2,1,69.61,0.0,69.61,2026-09-24 01:17:15.490293
6757,3385,14,1,11.66,0.0,11.66,2026-09-24 01:17:15.490293
6758,3385,17,1,179.3,0.0,179.3,2026-09-24 01:17:15.490293
6761,3387,10,2,2.6,1.51,3.69,2026-09-24 01:17:15.490293
6762,3387,9,1,6.24,0.0,6.24,2026-09-24 01:17:15.490293
6763,3387,13,2,2.81,0.0,5.62,2026-09-24 01:17:15.490293
6764,3387,4,1,7.43,0.0,7.43,2026-09-24 01:17:15.490293
6769,3391,6,1,89.02,2.78,86.24,2026-09-24 01:17:15.490293
6783,3403,11,2,10.21,0.0,20.42,2026-09-24 01:17:15.490293
6787,3406,12,1,16.8,1.28,15.52,2026-09-24 01:17:15.490293
6788,3406,3,2,9.53,0.0,19.06,2026-09-24 01:17:15.490293
6789,3406,15,1,20.71,0.0,20.71,2026-09-24 01:17:15.490293
6790,3406,14,1,12.82,0.0,12.82,2026-09-24 01:17:15.490293
6791,3406,10,1,35.28,0.0,35.28,2026-09-24 01:17:15.490293
6807,3413,7,2,5.15,0.0,10.3,2026-09-24 01:17:15.490293
6808,3413,11,5,20.07,5.32,95.03,2026-09-24 01:17:15.490293
6812,3415,20,2,5.31,2.11,8.51,2026-09-24 01:17:15.490293
6813,3415,5,1,116.69,0.0,116.69,2026-09-24 01:17:15.490293
6815,3417,15,1,80.95,0.0,80.95,2026-09-24 01:17:15.490293
6816,3417,20,1,118.27,0.0,118.27,2026-09-24 01:17:15.490293
6826,3423,10,1,6.07,0.0,6.07,2026-09-24 01:17:15.490293
6827,3423,12,1,7.08,1.1,5.98,2026-09-24 01:17:15.490293
6828,3423,7,1,7.76,1.75,6.01,2026-09-24 01:17:15.490293
6829,3423,16,1,11.58,0.0,11.58,2026-09-24 01:17:15.490293
6836,3426,10,1,14.72,0.0,14.72,2026-09-24 01:17:15.490293
6837,3426,17,3,47.02,0.0,141.06,2026-09-24 01:17:15.490293
6842,3429,6,1,158.26,0.0,158.26,2026-09-24 01:17:15.490293
6848,3432,3,2,24.23,0.0,48.46,2026-09-24 01:17:15.490293
6849,3432,16,1,71.64,0.0,71.64,2026-09-24 01:17:15.490293
6855,3436,2,1,19.71,5.85,13.86,2026-09-24 01:17:15.490293
6856,3436,4,5,26.57,3.84,129.01,2026-09-24 01:17:15.490293
6859,3438,13,2,13.67,4.09,23.25,2026-09-24 01:17:15.490293
6860,3438,7,2,42.06,0.0,84.12,2026-09-24 01:17:15.490293
6861,3439,18,2,7.65,0.0,15.3,2026-09-24 01:17:15.490293
6862,3439,14,2,68.65,0.0,137.3,2026-09-24 01:17:15.490293
6883,3451,8,1,70.05,0.0,70.05,2026-09-24 01:17:15.490293
6884,3451,13,1,70.33,0.0,70.33,2026-09-24 01:17:15.490293
6890,3455,12,3,132.49,71.0,326.47,2026-09-24 01:17:15.490293
6906,3463,18,1,198.62,0.0,198.62,2026-09-24 01:17:15.490293
6907,3464,12,5,8.36,4.83,36.97,2026-09-24 01:17:15.490293
6915,3467,14,1,117.05,0.0,117.05,2026-09-24 01:17:15.490293
6925,3472,16,2,60.41,0.0,120.82,2026-09-24 01:17:15.490293
6926,3473,3,1,43.03,0.0,43.03,2026-09-24 01:17:15.490293
6927,3473,18,1,93.14,0.0,93.14,2026-09-24 01:17:15.490293
6958,3488,2,2,54.84,0.0,109.68,2026-09-24 01:17:15.490293
6964,3492,19,2,4.56,1.02,8.1,2026-09-24 01:17:15.490293
6965,3492,14,3,22.78,0.0,68.34,2026-09-24 01:17:15.490293
6972,3496,1,1,13.45,0.0,13.45,2026-09-24 01:17:15.490293
6973,3496,1,1,137.35,0.0,137.35,2026-09-24 01:17:15.490293
6991,3508,19,4,104.74,0.0,418.96,2026-09-24 01:17:15.490293
6994,3510,6,1,37.84,0.0,37.84,2026-09-24 01:17:15.490293
6995,3510,19,2,31.59,0.0,63.18,2026-09-24 01:17:15.490293
6997,3512,14,1,157.03,19.41,137.62,2026-09-24 01:17:15.490293
7002,3514,11,1,39.49,0.0,39.49,2026-09-24 01:17:15.490293
7003,3514,20,1,40.78,10.07,30.71,2026-09-24 01:17:15.490293
7013,3521,18,1,30.76,5.9,24.86,2026-09-24 01:17:15.490293
7014,3521,4,1,52.07,12.64,39.43,2026-09-24 01:17:15.490293
7023,3526,5,1,123.67,0.0,123.67,2026-09-24 01:17:15.490293
7077,3551,5,1,24.39,5.99,18.4,2026-09-24 01:17:15.490293
7078,3551,16,1,35.04,1.35,33.69,2026-09-24 01:17:15.490293
7093,3558,8,1,14.61,0.0,14.61,2026-09-24 01:17:15.490293
7094,3558,20,1,11.08,0.0,11.08,2026-09-24 01:17:15.490293
7095,3558,3,1,36.06,0.0,36.06,2026-09-24 01:17:15.490293
7096,3558,15,3,15.56,0.0,46.68,2026-09-24 01:17:15.490293
7097,3559,19,1,43.79,0.0,43.79,2026-09-24 01:17:15.490293
7098,3559,17,2,60.5,21.48,99.52,2026-09-24 01:17:15.490293
7117,3569,1,1,22.69,0.0,22.69,2026-09-24 01:17:15.490293
7118,3569,10,2,7.54,0.0,15.08,2026-09-24 01:17:15.490293
7119,3569,18,2,9.61,0.0,19.22,2026-09-24 01:17:15.490293
7120,3569,13,2,22.89,0.0,45.78,2026-09-24 01:17:15.490293
7123,3572,9,1,65.6,0.0,65.6,2026-09-24 01:17:15.490293
7133,3578,8,1,43.24,0.0,43.24,2026-09-24 01:17:15.490293
7134,3578,2,1,120.09,29.73,90.36,2026-09-24 01:17:15.490293
7151,3587,2,5,21.99,0.0,109.95,2026-09-24 01:17:15.490293
7163,3594,2,2,23.46,0.0,46.92,2026-09-24 01:17:15.490293
7164,3594,11,3,10.38,5.78,25.36,2026-09-24 01:17:15.490293
7165,3594,3,2,132.74,0.0,265.48,2026-09-24 01:17:15.490293
7167,3596,14,1,94.18,0.0,94.18,2026-09-24 01:17:15.490293
7173,3600,16,1,11.12,0.0,11.12,2026-09-24 01:17:15.490293
7174,3600,17,1,9.08,1.64,7.44,2026-09-24 01:17:15.490293
7175,3600,12,5,18.4,0.0,92.0,2026-09-24 01:17:15.490293
7183,3604,9,3,35.63,0.0,106.89,2026-09-24 01:17:15.490293
7196,3611,1,1,335.0,0.0,335.0,2026-09-24 01:17:15.490293
7199,3614,7,2,399.52,189.38,609.66,2026-09-24 01:17:15.490293
7221,3626,9,2,7.51,0.0,15.02,2026-09-24 01:17:15.490293
7222,3626,1,4,4.36,3.97,13.47,2026-09-24 01:17:15.490293
7225,3628,5,1,33.71,0.0,33.71,2026-09-24 01:17:15.490293
7226,3629,1,2,9.42,0.0,18.84,2026-09-24 01:17:15.490293
7227,3629,14,1,38.73,0.0,38.73,2026-09-24 01:17:15.490293
7230,3631,12,1,55.77,0.0,55.77,2026-09-24 01:17:15.490293
7231,3631,15,1,114.8,0.0,114.8,2026-09-24 01:17:15.490293
7254,3645,19,2,4.7,0.0,9.4,2026-09-24 01:17:15.490293
7255,3645,18,2,4.3,0.0,8.6,2026-09-24 01:17:15.490293
7256,3645,7,1,14.6,0.0,14.6,2026-09-24 01:17:15.490293
7283,3661,18,1,18.71,0.0,18.71,2026-09-24 01:17:15.490293
7284,3661,9,1,30.01,0.0,30.01,2026-09-24 01:17:15.490293
7285,3661,19,4,9.72,1.41,37.47,2026-09-24 01:17:15.490293
7286,3661,12,1,41.87,0.0,41.87,2026-09-24 01:17:15.490293
7299,3668,18,1,217.89,0.0,217.89,2026-09-24 01:17:15.490293
7302,3670,11,1,44.87,0.0,44.87,2026-09-24 01:17:15.490293
7303,3671,18,1,18.6,1.53,17.07,2026-09-24 01:17:15.490293
7304,3671,7,3,13.47,0.0,40.41,2026-09-24 01:17:15.490293
7305,3671,16,2,15.1,0.0,30.2,2026-09-24 01:17:15.490293
7306,3671,9,1,107.41,15.29,92.12,2026-09-24 01:17:15.490293
7307,3672,20,1,10.75,0.0,10.75,2026-09-24 01:17:15.490293
7308,3672,6,1,51.39,0.0,51.39,2026-09-24 01:17:15.490293
7311,3674,8,1,29.22,0.0,29.22,2026-09-24 01:17:15.490293
7312,3674,1,1,37.52,0.0,37.52,2026-09-24 01:17:15.490293
7313,3674,6,1,59.33,3.28,56.05,2026-09-24 01:17:15.490293
7317,3677,7,1,26.05,0.0,26.05,2026-09-24 01:17:15.490293
7318,3677,18,2,15.57,1.18,29.96,2026-09-24 01:17:15.490293
7319,3677,11,3,46.47,0.0,139.41,2026-09-24 01:17:15.490293
7320,3677,15,1,17.66,0.0,17.66,2026-09-24 01:17:15.490293
7321,3677,6,1,575.78,0.0,575.78,2026-09-24 01:17:15.490293
7326,3680,17,2,50.99,18.13,83.85,2026-09-24 01:17:15.490293
7327,3681,7,1,19.65,0.0,19.65,2026-09-24 01:17:15.490293
7328,3681,17,1,127.83,0.0,127.83,2026-09-24 01:17:15.490293
7335,3685,1,4,8.1,0.0,32.4,2026-09-24 01:17:15.490293
7336,3686,20,1,6.89,0.0,6.89,2026-09-24 01:17:15.490293
7337,3686,13,1,31.9,0.0,31.9,2026-09-24 01:17:15.490293
7338,3686,10,3,11.23,0.0,33.69,2026-09-24 01:17:15.490293
7339,3686,11,3,26.34,12.14,66.88,2026-09-24 01:17:15.490293
7340,3687,19,1,133.26,0.0,133.26,2026-09-24 01:17:15.490293
7341,3688,1,1,85.48,0.0,85.48,2026-09-24 01:17:15.490293
7361,3699,14,2,93.29,42.49,144.09,2026-09-24 01:17:15.490293
7362,3700,4,3,17.65,0.0,52.95,2026-09-24 01:17:15.490293
7363,3700,19,3,25.18,0.0,75.54,2026-09-24 01:17:15.490293
7368,3703,6,3,28.09,0.0,84.27,2026-09-24 01:17:15.490293
7369,3703,1,2,116.87,0.0,233.74,2026-09-24 01:17:15.490293
7375,3707,15,2,93.61,0.0,187.22,2026-09-24 01:17:15.490293
7381,3711,14,2,26.32,0.0,52.64,2026-09-24 01:17:15.490293
7382,3711,14,2,60.56,0.0,121.12,2026-09-24 01:17:15.490293
7383,3712,17,1,18.64,0.0,18.64,2026-09-24 01:17:15.490293
7384,3712,3,2,88.04,48.35,127.73,2026-09-24 01:17:15.490293
7388,3715,9,1,302.13,0.0,302.13,2026-09-24 01:17:15.490293
7393,3717,15,1,77.4,0.0,77.4,2026-09-24 01:17:15.490293
7404,3722,17,2,51.13,18.68,83.58,2026-09-24 01:17:15.490293
7432,3736,3,1,141.58,0.0,141.58,2026-09-24 01:17:15.490293
7435,3739,19,1,64.66,0.0,64.66,2026-09-24 01:17:15.490293
7449,3745,16,2,31.93,0.0,63.86,2026-09-24 01:17:15.490293
7458,3750,9,1,396.92,0.0,396.92,2026-09-24 01:17:15.490293
7462,3753,2,2,11.76,0.0,23.52,2026-09-24 01:17:15.490293
7463,3753,17,1,99.8,17.14,82.66,2026-09-24 01:17:15.490293
7466,3755,13,2,17.69,0.0,35.38,2026-09-24 01:17:15.490293
7467,3755,6,1,58.71,0.0,58.71,2026-09-24 01:17:15.490293
7511,3776,6,2,93.84,0.0,187.68,2026-09-24 01:17:15.490293
7512,3777,14,1,64.54,0.0,64.54,2026-09-24 01:17:15.490293
7523,3781,10,3,8.28,0.0,24.84,2026-09-24 01:17:15.490293
7533,3785,14,1,99.0,19.02,79.98,2026-09-24 01:17:15.490293
7537,3788,15,1,34.47,0.0,34.47,2026-09-24 01:17:15.490293
7538,3788,7,1,97.97,0.0,97.97,2026-09-24 01:17:15.490293
7547,3792,13,1,40.93,0.0,40.93,2026-09-24 01:17:15.490293
7548,3792,6,2,20.44,0.0,40.88,2026-09-24 01:17:15.490293
7549,3792,18,3,15.11,0.0,45.33,2026-09-24 01:17:15.490293
7558,3797,8,1,7.41,0.0,7.41,2026-09-24 01:17:15.490293
7559,3797,15,5,4.23,2.74,18.41,2026-09-24 01:17:15.490293
7571,3804,2,2,195.79,18.36,373.22,2026-09-24 01:17:15.490293
7575,3807,11,1,334.39,0.0,334.39,2026-09-24 01:17:15.490293
7579,3810,15,3,3.61,0.0,10.83,2026-09-24 01:17:15.490293
7580,3810,18,2,6.75,0.0,13.5,2026-09-24 01:17:15.490293
7581,3810,14,2,5.38,0.0,10.76,2026-09-24 01:17:15.490293
7582,3810,20,1,28.61,0.0,28.61,2026-09-24 01:17:15.490293
7602,3819,18,2,32.19,16.47,47.91,2026-09-24 01:17:15.490293
7609,3823,7,1,6.94,0.0,6.94,2026-09-24 01:17:15.490293
7610,3823,13,1,17.27,0.0,17.27,2026-09-24 01:17:15.490293
7611,3823,12,1,56.74,0.0,56.74,2026-09-24 01:17:15.490293
7644,3839,5,1,10.73,0.0,10.73,2026-09-24 01:17:15.490293
7645,3839,8,1,32.43,0.0,32.43,2026-09-24 01:17:15.490293
7647,3841,3,3,24.58,17.75,55.99,2026-09-24 01:17:15.490293
7663,3849,11,1,20.68,0.0,20.68,2026-09-24 01:17:15.490293
7664,3849,7,1,50.84,0.0,50.84,2026-09-24 01:17:15.490293
7665,3849,18,1,53.93,13.79,40.14,2026-09-24 01:17:15.490293
7666,3849,17,1,140.36,0.0,140.36,2026-09-24 01:17:15.490293
7670,3852,8,1,35.66,0.0,35.66,2026-09-24 01:17:15.490293
7671,3852,12,1,112.83,0.0,112.83,2026-09-24 01:17:15.490293
7676,3856,13,2,29.57,0.0,59.14,2026-09-24 01:17:15.490293
7677,3856,8,3,63.47,0.0,190.41,2026-09-24 01:17:15.490293
7693,3866,11,2,39.01,0.0,78.02,2026-09-24 01:17:15.490293
7695,3868,10,3,35.14,30.18,75.24,2026-09-24 01:17:15.490293
7734,3888,18,1,42.7,0.0,42.7,2026-09-24 01:17:15.490293
7735,3888,9,2,35.66,0.0,71.32,2026-09-24 01:17:15.490293
7739,3890,3,3,13.76,0.0,41.28,2026-09-24 01:17:15.490293
7740,3890,3,1,147.01,0.0,147.01,2026-09-24 01:17:15.490293
7745,3893,3,1,19.38,4.98,14.4,2026-09-24 01:17:15.490293
7746,3893,19,1,92.35,0.0,92.35,2026-09-24 01:17:15.490293
7770,3905,1,5,5.05,3.06,22.19,2026-09-24 01:17:15.490293
7771,3905,17,2,5.69,2.94,8.44,2026-09-24 01:17:15.490293
7772,3905,15,1,117.73,0.0,117.73,2026-09-24 01:17:15.490293
7776,3909,15,1,13.5,0.0,13.5,2026-09-24 01:17:15.490293
7777,3909,12,2,19.37,0.0,38.74,2026-09-24 01:17:15.490293
7778,3909,18,1,56.48,0.0,56.48,2026-09-24 01:17:15.490293
7781,3911,16,2,140.34,0.0,280.68,2026-09-24 01:17:15.490293
7783,3913,14,4,48.41,0.0,193.64,2026-09-24 01:17:15.490293
7794,3920,8,1,71.41,13.32,58.09,2026-09-24 01:17:15.490293
7795,3920,20,2,70.58,0.0,141.16,2026-09-24 01:17:15.490293
7796,3921,6,2,4.35,1.62,7.08,2026-09-24 01:17:15.490293
7797,3921,1,2,58.56,0.0,117.12,2026-09-24 01:17:15.490293
7844,3948,2,2,72.08,0.0,144.16,2026-09-24 01:17:15.490293
7850,3951,14,1,19.31,0.0,19.31,2026-09-24 01:17:15.490293
7851,3951,4,1,31.22,0.0,31.22,2026-09-24 01:17:15.490293
7852,3952,8,1,92.36,0.0,92.36,2026-09-24 01:17:15.490293
7853,3953,12,2,66.47,19.98,112.96,2026-09-24 01:17:15.490293
7855,3955,8,3,6.63,0.0,19.89,2026-09-24 01:17:15.490293
7856,3955,15,2,18.52,0.0,37.04,2026-09-24 01:17:15.490293
7891,3973,6,1,211.88,32.74,179.14,2026-09-24 01:17:15.490293
7900,3977,5,1,383.34,0.0,383.34,2026-09-24 01:17:15.490293
7908,3983,17,1,14.76,0.0,14.76,2026-09-24 01:17:15.490293
7909,3983,4,3,9.45,0.0,28.35,2026-09-24 01:17:15.490293
7910,3984,20,3,11.91,0.0,35.73,2026-09-24 01:17:15.490293
7911,3984,17,3,10.66,0.0,31.98,2026-09-24 01:17:15.490293
7912,3984,14,1,79.85,0.0,79.85,2026-09-24 01:17:15.490293
7929,3993,5,4,4.08,1.98,14.34,2026-09-24 01:17:15.490293
7930,3993,3,1,18.38,0.0,18.38,2026-09-24 01:17:15.490293
7931,3993,5,2,39.92,0.0,79.84,2026-09-24 01:17:15.490293
7932,3994,10,1,150.79,0.0,150.79,2026-09-24 01:17:15.490293
7938,3998,19,4,15.33,13.0,48.32,2026-09-24 01:17:15.490293
7939,3998,3,4,19.15,2.31,74.29,2026-09-24 01:17:15.490293
7940,3999,10,1,183.93,0.0,183.93,2026-09-24 01:17:15.490293
7949,4004,18,4,2.78,0.0,11.12,2026-09-24 01:17:15.490293
7950,4004,11,2,21.88,0.0,43.76,2026-09-24 01:17:15.490293
7951,4005,19,1,34.91,0.0,34.91,2026-09-24 01:17:15.490293
7966,4011,11,1,28.96,0.0,28.96,2026-09-24 01:17:15.490293
7967,4011,3,1,5.89,0.0,5.89,2026-09-24 01:17:15.490293
7968,4011,5,1,149.01,13.42,135.59,2026-09-24 01:17:15.490293
7969,4012,7,1,38.29,6.85,31.44,2026-09-24 01:17:15.490293
7970,4012,11,1,114.84,0.0,114.84,2026-09-24 01:17:15.490293
7979,4017,15,2,163.66,1.46,325.86,2026-09-24 01:17:15.490293
7981,4019,16,3,7.05,0.0,21.15,2026-09-24 01:17:15.490293
7982,4019,18,1,122.63,22.48,100.15,2026-09-24 01:17:15.490293
7984,4021,20,1,51.39,0.0,51.39,2026-09-24 01:17:15.490293
7985,4021,1,1,93.81,0.0,93.81,2026-09-24 01:17:15.490293
8004,4029,8,1,18.05,0.0,18.05,2026-09-24 01:17:15.490293
8005,4029,14,2,11.24,0.0,22.48,2026-09-24 01:17:15.490293
8009,4031,12,3,54.58,47.39,116.35,2026-09-24 01:17:15.490293
8029,4041,17,1,105.91,0.0,105.91,2026-09-24 01:17:15.490293
8030,4042,18,1,24.8,5.4,19.4,2026-09-24 01:17:15.490293
8031,4042,2,2,20.29,0.0,40.58,2026-09-24 01:17:15.490293
8053,4053,17,1,42.34,2.28,40.06,2026-09-24 01:17:15.490293
8054,4053,7,1,56.06,13.81,42.25,2026-09-24 01:17:15.490293
8069,4059,17,2,9.99,5.81,14.17,2026-09-24 01:17:15.490293
8070,4059,15,2,24.46,12.78,36.14,2026-09-24 01:17:15.490293
8086,4068,11,2,46.81,0.0,93.62,2026-09-24 01:17:15.490293
8087,4069,15,2,67.16,0.0,134.32,2026-09-24 01:17:15.490293
8131,4089,5,2,2.97,0.0,5.94,2026-09-24 01:17:15.490293
8132,4089,16,1,34.69,0.0,34.69,2026-09-24 01:17:15.490293
8133,4089,17,1,57.94,8.92,49.02,2026-09-24 01:17:15.490293
8134,4090,10,1,5.4,1.44,3.96,2026-09-24 01:17:15.490293
8135,4090,4,2,37.1,0.0,74.2,2026-09-24 01:17:15.490293
8148,4097,8,5,2.45,0.0,12.25,2026-09-24 01:17:15.490293
8149,4097,19,1,90.14,0.0,90.14,2026-09-24 01:17:15.490293
8182,4111,7,1,41.16,0.0,41.16,2026-09-24 01:17:15.490293
8183,4111,4,2,25.14,0.0,50.28,2026-09-24 01:17:15.490293
8187,4114,11,1,26.74,0.0,26.74,2026-09-24 01:17:15.490293
8188,4114,17,1,74.03,0.0,74.03,2026-09-24 01:17:15.490293
8199,4123,4,1,92.68,0.0,92.68,2026-09-24 01:17:15.490293
8200,4123,3,3,73.42,0.0,220.26,2026-09-24 01:17:15.490293
8201,4124,4,1,38.19,0.0,38.19,2026-09-24 01:17:15.490293
8202,4124,16,3,24.3,0.0,72.9,2026-09-24 01:17:15.490293
8203,4125,13,1,107.99,0.0,107.99,2026-09-24 01:17:15.490293
8216,4132,11,1,28.61,0.0,28.61,2026-09-24 01:17:15.490293
8217,4132,16,1,15.94,0.0,15.94,2026-09-24 01:17:15.490293
8218,4132,13,1,47.98,0.0,47.98,2026-09-24 01:17:15.490293
8219,4132,6,1,64.71,0.0,64.71,2026-09-24 01:17:15.490293
8222,4135,3,2,146.49,0.0,292.98,2026-09-24 01:17:15.490293
8235,4140,11,3,14.22,0.0,42.66,2026-09-24 01:17:15.490293
8243,4143,19,1,51.14,0.0,51.14,2026-09-24 01:17:15.490293
8247,4145,9,2,35.62,13.52,57.72,2026-09-24 01:17:15.490293
8248,4145,15,1,237.39,62.25,175.14,2026-09-24 01:17:15.490293
8252,4148,17,4,21.95,0.0,87.8,2026-09-24 01:17:15.490293
8253,4148,11,1,237.67,0.0,237.67,2026-09-24 01:17:15.490293
8254,4149,4,1,84.39,0.0,84.39,2026-09-24 01:17:15.490293
8257,4151,11,1,32.31,0.0,32.31,2026-09-24 01:17:15.490293
8258,4151,5,1,37.77,0.0,37.77,2026-09-24 01:17:15.490293
8259,4151,10,2,7.98,0.0,15.96,2026-09-24 01:17:15.490293
8260,4151,4,2,41.59,0.0,83.18,2026-09-24 01:17:15.490293
8267,4154,11,3,13.65,0.0,40.95,2026-09-24 01:17:15.490293
8268,4154,7,1,49.62,0.0,49.62,2026-09-24 01:17:15.490293
8272,4157,9,1,10.54,0.0,10.54,2026-09-24 01:17:15.490293
8273,4157,2,1,13.31,0.0,13.31,2026-09-24 01:17:15.490293
8287,4164,8,2,68.45,0.0,136.9,2026-09-24 01:17:15.490293
8292,4167,13,1,45.94,0.0,45.94,2026-09-24 01:17:15.490293
8310,4179,11,2,12.8,0.0,25.6,2026-09-24 01:17:15.490293
8311,4179,5,1,118.01,0.0,118.01,2026-09-24 01:17:15.490293
8322,4185,3,2,17.21,0.0,34.42,2026-09-24 01:17:15.490293
8323,4185,3,1,51.58,0.0,51.58,2026-09-24 01:17:15.490293
8339,4193,2,1,184.41,0.0,184.41,2026-09-24 01:17:15.490293
8342,4196,8,1,16.95,0.0,16.95,2026-09-24 01:17:15.490293
8343,4196,10,1,105.93,0.0,105.93,2026-09-24 01:17:15.490293
8438,4247,8,3,4.45,0.0,13.35,2026-09-24 01:17:15.490293
8439,4247,8,1,82.27,0.0,82.27,2026-09-24 01:17:15.490293
8442,4249,10,2,2.71,1.09,4.33,2026-09-24 01:17:15.490293
8443,4249,12,1,381.62,0.0,381.62,2026-09-24 01:17:15.490293
8455,4257,18,2,39.47,0.0,78.94,2026-09-24 01:17:15.490293
8459,4260,15,1,87.74,0.0,87.74,2026-09-24 01:17:15.490293
8469,4266,15,2,13.22,0.0,26.44,2026-09-24 01:17:15.490293
8470,4266,6,1,57.22,0.0,57.22,2026-09-24 01:17:15.490293
8473,4268,19,1,43.62,9.59,34.03,2026-09-24 01:17:15.490293
8474,4268,13,1,127.74,0.0,127.74,2026-09-24 01:17:15.490293
8475,4269,2,1,30.97,0.0,30.97,2026-09-24 01:17:15.490293
8476,4269,6,2,25.47,0.0,50.94,2026-09-24 01:17:15.490293
8477,4269,18,1,107.73,0.0,107.73,2026-09-24 01:17:15.490293
8490,4275,5,1,112.85,0.0,112.85,2026-09-24 01:17:15.490293
8519,4288,13,1,21.43,0.0,21.43,2026-09-24 01:17:15.490293
8520,4288,10,1,33.25,0.0,33.25,2026-09-24 01:17:15.490293
8521,4288,6,1,54.0,0.0,54.0,2026-09-24 01:17:15.490293
8528,4292,13,5,19.12,0.0,95.6,2026-09-24 01:17:15.490293
8529,4292,16,1,102.29,0.0,102.29,2026-09-24 01:17:15.490293
8537,4296,12,1,13.73,0.0,13.73,2026-09-24 01:17:15.490293
8538,4296,6,2,26.97,5.63,48.31,2026-09-24 01:17:15.490293
8540,4298,13,2,64.72,0.0,129.44,2026-09-24 01:17:15.490293
8542,4300,12,1,30.12,0.0,30.12,2026-09-24 01:17:15.490293
8543,4300,10,1,114.93,0.0,114.93,2026-09-24 01:17:15.490293
8551,4305,8,1,35.55,4.7,30.85,2026-09-24 01:17:15.490293
8552,4305,13,1,9.98,0.0,9.98,2026-09-24 01:17:15.490293
8553,4305,12,1,108.07,31.87,76.2,2026-09-24 01:17:15.490293
8576,4316,16,2,30.01,0.0,60.02,2026-09-24 01:17:15.490293
8577,4316,4,1,87.25,0.0,87.25,2026-09-24 01:17:15.490293
8579,4318,11,2,132.06,0.0,264.12,2026-09-24 01:17:15.490293
8590,4324,18,3,14.95,0.0,44.85,2026-09-24 01:17:15.490293
8600,4328,6,4,7.57,4.77,25.51,2026-09-24 01:17:15.490293
8602,4330,5,1,5.17,0.0,5.17,2026-09-24 01:17:15.490293
8603,4330,10,4,6.93,3.69,24.03,2026-09-24 01:17:15.490293
8607,4334,18,2,13.52,0.0,27.04,2026-09-24 01:17:15.490293
8608,4334,15,1,119.57,34.83,84.74,2026-09-24 01:17:15.490293
8609,4335,10,2,17.35,0.0,34.7,2026-09-24 01:17:15.490293
8610,4335,7,1,37.87,8.32,29.55,2026-09-24 01:17:15.490293
8611,4335,16,1,52.35,13.16,39.19,2026-09-24 01:17:15.490293
8612,4336,14,1,154.71,0.0,154.71,2026-09-24 01:17:15.490293
8625,4343,7,2,16.67,0.0,33.34,2026-09-24 01:17:15.490293
8626,4343,10,1,51.26,0.0,51.26,2026-09-24 01:17:15.490293
8637,4349,9,1,23.93,0.0,23.93,2026-09-24 01:17:15.490293
8638,4349,20,1,109.06,0.0,109.06,2026-09-24 01:17:15.490293
8648,4356,19,2,9.81,0.0,19.62,2026-09-24 01:17:15.490293
8649,4356,5,2,3.17,0.0,6.34,2026-09-24 01:17:15.490293
8650,4356,2,1,23.31,0.0,23.31,2026-09-24 01:17:15.490293
8651,4356,17,3,18.1,0.0,54.3,2026-09-24 01:17:15.490293
8654,4358,19,2,22.48,0.0,44.96,2026-09-24 01:17:15.490293
8655,4358,8,4,16.3,0.0,65.2,2026-09-24 01:17:15.490293
8665,4365,10,2,10.42,0.0,20.84,2026-09-24 01:17:15.490293
8666,4365,5,2,14.62,0.0,29.24,2026-09-24 01:17:15.490293
8669,4367,7,2,13.31,0.0,26.62,2026-09-24 01:17:15.490293
8670,4367,3,1,118.82,0.0,118.82,2026-09-24 01:17:15.490293
8677,4372,12,1,94.01,0.0,94.01,2026-09-24 01:17:15.490293
8678,4372,12,1,103.94,0.0,103.94,2026-09-24 01:17:15.490293
8683,4377,17,1,26.18,0.0,26.18,2026-09-24 01:17:15.490293
8684,4377,16,2,28.2,0.0,56.4,2026-09-24 01:17:15.490293
8685,4377,7,1,54.64,0.0,54.64,2026-09-24 01:17:15.490293
8686,4377,17,2,17.11,0.0,34.22,2026-09-24 01:17:15.490293
8687,4377,15,2,73.43,0.0,146.86,2026-09-24 01:17:15.490293
8693,4381,6,1,184.2,0.0,184.2,2026-09-24 01:17:15.490293
8715,4392,8,2,8.41,0.0,16.82,2026-09-24 01:17:15.490293
8716,4392,4,1,54.26,0.0,54.26,2026-09-24 01:17:15.490293
8722,4396,1,1,138.05,0.0,138.05,2026-09-24 01:17:15.490293
8725,4398,12,2,5.85,0.0,11.7,2026-09-24 01:17:15.490293
8726,4398,5,1,13.03,1.24,11.79,2026-09-24 01:17:15.490293
8742,4405,14,1,114.03,0.0,114.03,2026-09-24 01:17:15.490293
8743,4406,14,1,94.03,0.0,94.03,2026-09-24 01:17:15.490293
8747,4409,5,2,31.82,0.0,63.64,2026-09-24 01:17:15.490293
8748,4409,7,1,101.24,0.0,101.24,2026-09-24 01:17:15.490293
8753,4411,14,1,64.63,0.0,64.63,2026-09-24 01:17:15.490293
8756,4413,17,1,92.75,0.0,92.75,2026-09-24 01:17:15.490293
8758,4415,20,1,12.88,0.0,12.88,2026-09-24 01:17:15.490293
8759,4415,3,1,12.1,0.0,12.1,2026-09-24 01:17:15.490293
8760,4415,4,1,23.11,0.0,23.11,2026-09-24 01:17:15.490293
8767,4419,5,2,65.09,0.0,130.18,2026-09-24 01:17:15.490293
8772,4423,16,2,20.64,0.0,41.28,2026-09-24 01:17:15.490293
8784,4430,16,1,35.41,0.0,35.41,2026-09-24 01:17:15.490293
8785,4430,6,2,62.52,0.0,125.04,2026-09-24 01:17:15.490293
8803,4438,19,1,142.59,0.0,142.59,2026-09-24 01:17:15.490293
8811,4441,20,3,6.84,0.0,20.52,2026-09-24 01:17:15.490293
8812,4441,3,1,114.7,0.0,114.7,2026-09-24 01:17:15.490293
8813,4442,17,1,183.72,0.0,183.72,2026-09-24 01:17:15.490293
8817,4445,16,2,26.33,0.0,52.66,2026-09-24 01:17:15.490293
8818,4445,13,1,63.5,0.0,63.5,2026-09-24 01:17:15.490293
8820,4447,2,2,102.28,0.0,204.56,2026-09-24 01:17:15.490293
8829,4453,10,2,7.39,0.0,14.78,2026-09-24 01:17:15.490293
8830,4453,5,1,25.6,7.4,18.2,2026-09-24 01:17:15.490293
8833,4455,7,1,156.47,0.0,156.47,2026-09-24 01:17:15.490293
8856,4471,19,1,72.69,0.0,72.69,2026-09-24 01:17:15.490293
8857,4471,17,1,160.56,16.75,143.81,2026-09-24 01:17:15.490293
8858,4472,19,2,106.52,0.0,213.04,2026-09-24 01:17:15.490293
8861,4474,18,3,7.45,0.0,22.35,2026-09-24 01:17:15.490293
8869,4479,11,3,27.27,0.0,81.81,2026-09-24 01:17:15.490293
8870,4479,7,5,48.96,37.01,207.79,2026-09-24 01:17:15.490293
8871,4480,6,1,114.03,0.0,114.03,2026-09-24 01:17:15.490293
8879,4486,19,1,8.19,0.0,8.19,2026-09-24 01:17:15.490293
8880,4486,12,1,28.07,0.0,28.07,2026-09-24 01:17:15.490293
8881,4486,18,3,23.1,0.0,69.3,2026-09-24 01:17:15.490293
8882,4487,12,1,15.28,0.0,15.28,2026-09-24 01:17:15.490293
8883,4487,4,1,39.56,0.0,39.56,2026-09-24 01:17:15.490293
8888,4490,20,1,140.94,0.0,140.94,2026-09-24 01:17:15.490293
8891,4492,12,2,20.03,6.55,33.51,2026-09-24 01:17:15.490293
8892,4492,10,2,36.07,0.0,72.14,2026-09-24 01:17:15.490293
8895,4494,4,1,8.59,0.0,8.59,2026-09-24 01:17:15.490293
8896,4494,13,1,25.22,0.0,25.22,2026-09-24 01:17:15.490293
8897,4494,18,5,6.66,0.0,33.3,2026-09-24 01:17:15.490293
8898,4494,9,1,29.83,0.0,29.83,2026-09-24 01:17:15.490293
8899,4494,3,1,64.92,3.47,61.45,2026-09-24 01:17:15.490293
8900,4495,6,1,385.39,0.0,385.39,2026-09-24 01:17:15.490293
8908,4500,10,1,68.16,17.21,50.95,2026-09-24 01:17:15.490293
8913,4503,6,3,7.78,1.86,21.48,2026-09-24 01:17:15.490293
8914,4503,7,1,60.87,0.0,60.87,2026-09-24 01:17:15.490293
8915,4504,19,1,350.61,17.15,333.46,2026-09-24 01:17:15.490293
8916,4505,17,2,41.3,0.0,82.6,2026-09-24 01:17:15.490293
8923,4509,8,1,35.84,0.0,35.84,2026-09-24 01:17:15.490293
8924,4509,11,1,86.89,0.0,86.89,2026-09-24 01:17:15.490293
8928,4512,9,1,16.18,0.0,16.18,2026-09-24 01:17:15.490293
8929,4512,11,1,25.52,0.0,25.52,2026-09-24 01:17:15.490293
8937,4517,17,1,5.96,0.0,5.96,2026-09-24 01:17:15.490293
8938,4517,14,1,5.9,0.0,5.9,2026-09-24 01:17:15.490293
8939,4517,10,2,2.52,0.0,5.04,2026-09-24 01:17:15.490293
8940,4517,20,1,7.22,0.0,7.22,2026-09-24 01:17:15.490293
8941,4517,15,2,4.09,1.3,6.88,2026-09-24 01:17:15.490293
8946,4521,12,1,66.58,0.0,66.58,2026-09-24 01:17:15.490293
8947,4521,3,1,57.85,0.0,57.85,2026-09-24 01:17:15.490293
8948,4521,12,2,38.4,0.0,76.8,2026-09-24 01:17:15.490293
8949,4522,4,2,9.07,0.0,18.14,2026-09-24 01:17:15.490293
8950,4522,13,1,157.97,11.92,146.05,2026-09-24 01:17:15.490293
8955,4525,5,2,25.96,0.0,51.92,2026-09-24 01:17:15.490293
8956,4525,2,1,92.86,10.82,82.04,2026-09-24 01:17:15.490293
8957,4526,14,1,11.23,0.0,11.23,2026-09-24 01:17:15.490293
8958,4526,3,1,15.03,0.0,15.03,2026-09-24 01:17:15.490293
8959,4526,18,1,10.29,0.0,10.29,2026-09-24 01:17:15.490293
8960,4526,7,3,7.63,0.0,22.89,2026-09-24 01:17:15.490293
8961,4527,8,2,8.23,0.0,16.46,2026-09-24 01:17:15.490293
8962,4527,9,1,26.9,0.0,26.9,2026-09-24 01:17:15.490293
8963,4527,13,1,38.08,0.0,38.08,2026-09-24 01:17:15.490293
8970,4532,16,1,23.4,0.0,23.4,2026-09-24 01:17:15.490293
8971,4532,20,2,4.35,0.0,8.7,2026-09-24 01:17:15.490293
8972,4532,15,1,61.48,7.67,53.81,2026-09-24 01:17:15.490293
8975,4535,20,2,83.39,45.26,121.52,2026-09-24 01:17:15.490293
8979,4538,16,2,67.23,13.03,121.43,2026-09-24 01:17:15.490293
8984,4540,16,2,56.52,0.0,113.04,2026-09-24 01:17:15.490293
9000,4551,20,2,4.65,2.56,6.74,2026-09-24 01:17:15.490293
9001,4551,1,1,54.57,0.0,54.57,2026-09-24 01:17:15.490293
9041,4572,3,2,7.19,0.0,14.38,2026-09-24 01:17:15.490293
9042,4572,19,3,2.14,0.0,6.42,2026-09-24 01:17:15.490293
9043,4572,13,1,26.83,0.0,26.83,2026-09-24 01:17:15.490293
9044,4572,18,1,41.25,0.0,41.25,2026-09-24 01:17:15.490293
9064,4582,13,2,6.16,0.0,12.32,2026-09-24 01:17:15.490293
9065,4582,10,2,24.75,0.0,49.5,2026-09-24 01:17:15.490293
9066,4583,1,1,7.78,0.0,7.78,2026-09-24 01:17:15.490293
9067,4583,17,2,2.74,0.0,5.48,2026-09-24 01:17:15.490293
9068,4583,4,1,25.05,6.18,18.87,2026-09-24 01:17:15.490293
9076,4587,7,3,9.18,0.0,27.54,2026-09-24 01:17:15.490293
9077,4587,3,1,22.69,0.0,22.69,2026-09-24 01:17:15.490293
9078,4587,14,1,17.36,0.0,17.36,2026-09-24 01:17:15.490293
9079,4587,15,2,51.58,4.57,98.59,2026-09-24 01:17:15.490293
9092,4593,13,1,28.12,0.0,28.12,2026-09-24 01:17:15.490293
9093,4593,20,3,20.4,0.0,61.2,2026-09-24 01:17:15.490293
9094,4593,16,2,38.08,0.0,76.16,2026-09-24 01:17:15.490293
9106,4599,7,1,183.76,0.0,183.76,2026-09-24 01:17:15.490293
9107,4600,5,1,81.44,20.67,60.77,2026-09-24 01:17:15.490293
9108,4601,4,1,84.07,0.0,84.07,2026-09-24 01:17:15.490293
9109,4602,2,1,13.33,0.0,13.33,2026-09-24 01:17:15.490293
9110,4602,17,1,58.62,8.52,50.1,2026-09-24 01:17:15.490293
9134,4615,6,1,111.32,0.0,111.32,2026-09-24 01:17:15.490293
9137,4617,18,2,20.3,0.0,40.6,2026-09-24 01:17:15.490293
9138,4617,20,1,70.87,0.0,70.87,2026-09-24 01:17:15.490293
9149,4622,17,1,8.81,1.48,7.33,2026-09-24 01:17:15.490293
9150,4622,15,1,49.89,0.0,49.89,2026-09-24 01:17:15.490293
9151,4622,10,4,16.66,0.0,66.64,2026-09-24 01:17:15.490293
9171,4629,6,2,134.38,0.0,268.76,2026-09-24 01:17:15.490293
9180,4634,4,1,106.09,0.0,106.09,2026-09-24 01:17:15.490293
9193,4638,11,2,18.11,0.0,36.22,2026-09-24 01:17:15.490293
9194,4638,18,1,54.5,0.0,54.5,2026-09-24 01:17:15.490293
9204,4643,12,1,230.34,0.0,230.34,2026-09-24 01:17:15.490293
9209,4647,18,3,12.0,0.0,36.0,2026-09-24 01:17:15.490293
9210,4647,11,1,127.42,0.0,127.42,2026-09-24 01:17:15.490293
9222,4655,11,2,39.29,0.0,78.58,2026-09-24 01:17:15.490293
9223,4656,4,1,43.1,0.0,43.1,2026-09-24 01:17:15.490293
9224,4656,16,2,34.05,0.0,68.1,2026-09-24 01:17:15.490293
9230,4659,20,1,35.62,0.0,35.62,2026-09-24 01:17:15.490293
9231,4659,18,2,32.7,6.39,59.01,2026-09-24 01:17:15.490293
9232,4659,13,1,92.16,0.0,92.16,2026-09-24 01:17:15.490293
9233,4660,18,1,142.45,0.0,142.45,2026-09-24 01:17:15.490293
9234,4660,5,1,199.95,0.0,199.95,2026-09-24 01:17:15.490293
9243,4666,7,1,35.57,0.0,35.57,2026-09-24 01:17:15.490293
9244,4666,16,1,61.88,0.0,61.88,2026-09-24 01:17:15.490293
9245,4667,20,1,12.38,0.0,12.38,2026-09-24 01:17:15.490293
9246,4667,6,1,140.28,0.0,140.28,2026-09-24 01:17:15.490293
9254,4670,3,1,12.84,1.55,11.29,2026-09-24 01:17:15.490293
9255,4670,9,2,42.41,0.0,84.82,2026-09-24 01:17:15.490293
9263,4674,14,1,11.25,2.13,9.12,2026-09-24 01:17:15.490293
9264,4674,16,1,140.65,0.0,140.65,2026-09-24 01:17:15.490293
9265,4675,12,1,168.02,26.35,141.67,2026-09-24 01:17:15.490293
9266,4676,7,1,22.85,0.0,22.85,2026-09-24 01:17:15.490293
9267,4676,14,1,152.02,0.0,152.02,2026-09-24 01:17:15.490293
9283,4682,18,1,24.34,0.0,24.34,2026-09-24 01:17:15.490293
9284,4682,18,1,412.71,0.0,412.71,2026-09-24 01:17:15.490293
9285,4683,19,1,21.29,5.63,15.66,2026-09-24 01:17:15.490293
9286,4683,10,2,20.22,0.0,40.44,2026-09-24 01:17:15.490293
9287,4683,16,2,22.69,11.92,33.46,2026-09-24 01:17:15.490293
9297,4689,8,2,19.34,0.0,38.68,2026-09-24 01:17:15.490293
9298,4689,3,3,33.31,0.0,99.93,2026-09-24 01:17:15.490293
9299,4690,13,1,134.92,0.0,134.92,2026-09-24 01:17:15.490293
9300,4690,19,1,235.83,0.0,235.83,2026-09-24 01:17:15.490293
9315,4700,16,1,24.11,0.0,24.11,2026-09-24 01:17:15.490293
9316,4700,17,1,24.37,0.0,24.37,2026-09-24 01:17:15.490293
9317,4700,3,1,20.97,0.0,20.97,2026-09-24 01:17:15.490293
9318,4700,5,1,118.15,0.0,118.15,2026-09-24 01:17:15.490293
9325,4703,9,1,77.04,0.0,77.04,2026-09-24 01:17:15.490293
9326,4703,14,1,142.13,0.0,142.13,2026-09-24 01:17:15.490293
9327,4703,7,1,169.38,0.0,169.38,2026-09-24 01:17:15.490293
9331,4707,14,2,7.65,0.0,15.3,2026-09-24 01:17:15.490293
9332,4707,18,1,47.52,6.28,41.24,2026-09-24 01:17:15.490293
9333,4707,16,1,103.03,4.85,98.18,2026-09-24 01:17:15.490293
9346,4714,16,1,36.43,0.0,36.43,2026-09-24 01:17:15.490293
9366,4724,6,1,20.46,0.0,20.46,2026-09-24 01:17:15.490293
9367,4724,4,1,24.11,0.0,24.11,2026-09-24 01:17:15.490293
9368,4724,17,1,40.46,3.0,37.46,2026-09-24 01:17:15.490293
9369,4724,19,2,18.9,0.0,37.8,2026-09-24 01:17:15.490293
9370,4724,9,1,48.86,0.0,48.86,2026-09-24 01:17:15.490293
9374,4727,12,1,123.8,0.0,123.8,2026-09-24 01:17:15.490293
9377,4729,18,1,20.48,0.0,20.48,2026-09-24 01:17:15.490293
9390,4735,13,2,69.0,0.0,138.0,2026-09-24 01:17:15.490293
9423,4755,18,1,8.98,0.0,8.98,2026-09-24 01:17:15.490293
9424,4755,13,3,6.29,0.0,18.87,2026-09-24 01:17:15.490293
9425,4755,20,1,110.8,0.0,110.8,2026-09-24 01:17:15.490293
9428,4757,2,3,22.65,3.81,64.14,2026-09-24 01:17:15.490293
9429,4757,4,2,19.79,0.0,39.58,2026-09-24 01:17:15.490293
9430,4757,10,2,82.56,0.0,165.12,2026-09-24 01:17:15.490293
9438,4763,12,1,5.72,0.0,5.72,2026-09-24 01:17:15.490293
9439,4763,13,2,7.98,0.0,15.96,2026-09-24 01:17:15.490293
9445,4767,12,1,11.53,0.0,11.53,2026-09-24 01:17:15.490293
9446,4767,12,1,13.8,0.0,13.8,2026-09-24 01:17:15.490293
9447,4767,20,1,51.93,0.0,51.93,2026-09-24 01:17:15.490293
9457,4774,2,1,10.82,2.63,8.19,2026-09-24 01:17:15.490293
9458,4774,15,3,6.28,0.0,18.84,2026-09-24 01:17:15.490293
9467,4779,14,1,240.72,0.0,240.72,2026-09-24 01:17:15.490293
9475,4783,13,2,14.61,1.51,27.71,2026-09-24 01:17:15.490293
9476,4783,3,1,168.39,0.0,168.39,2026-09-24 01:17:15.490293
9477,4784,2,4,6.19,0.0,24.76,2026-09-24 01:17:15.490293
9478,4784,8,1,174.53,0.0,174.53,2026-09-24 01:17:15.490293
9485,4787,19,1,30.57,0.0,30.57,2026-09-24 01:17:15.490293
9486,4787,16,4,3.61,0.0,14.44,2026-09-24 01:17:15.490293
9487,4787,11,3,18.98,4.91,52.03,2026-09-24 01:17:15.490293
9488,4787,17,2,7.13,0.0,14.26,2026-09-24 01:17:15.490293
9489,4787,12,1,111.42,22.35,89.07,2026-09-24 01:17:15.490293
9496,4791,8,1,156.65,0.0,156.65,2026-09-24 01:17:15.490293
9497,4791,17,1,46.9,2.31,44.59,2026-09-24 01:17:15.490293
9498,4791,5,1,425.69,75.2,350.49,2026-09-24 01:17:15.490293
9506,4796,5,1,43.45,6.79,36.66,2026-09-24 01:17:15.490293
9517,4802,11,1,8.67,0.0,8.67,2026-09-24 01:17:15.490293
9518,4802,20,2,5.41,0.0,10.82,2026-09-24 01:17:15.490293
9519,4802,14,1,20.23,0.0,20.23,2026-09-24 01:17:15.490293
9520,4802,14,2,7.58,4.5,10.66,2026-09-24 01:17:15.490293
9521,4802,18,1,34.95,0.0,34.95,2026-09-24 01:17:15.490293
9525,4805,1,1,82.91,0.0,82.91,2026-09-24 01:17:15.490293
9532,4811,5,1,180.38,0.0,180.38,2026-09-24 01:17:15.490293
9533,4812,12,1,303.44,0.0,303.44,2026-09-24 01:17:15.490293
9540,4816,14,1,17.93,0.0,17.93,2026-09-24 01:17:15.490293
9541,4816,9,1,28.8,2.6,26.2,2026-09-24 01:17:15.490293
9542,4817,13,2,22.46,0.0,44.92,2026-09-24 01:17:15.490293
9543,4817,17,1,62.81,0.0,62.81,2026-09-24 01:17:15.490293
9545,4819,1,1,33.52,6.81,26.71,2026-09-24 01:17:15.490293
9546,4819,16,2,17.31,0.0,34.62,2026-09-24 01:17:15.490293
9547,4819,8,4,30.4,0.0,121.6,2026-09-24 01:17:15.490293
9557,4826,18,1,39.89,0.0,39.89,2026-09-24 01:17:15.490293
9569,4833,6,1,54.41,0.0,54.41,2026-09-24 01:17:15.490293
9574,4838,11,1,27.33,0.0,27.33,2026-09-24 01:17:15.490293
9575,4838,4,1,121.69,23.67,98.02,2026-09-24 01:17:15.490293
9581,4842,12,1,194.82,0.0,194.82,2026-09-24 01:17:15.490293
9595,4848,11,2,13.2,0.0,26.4,2026-09-24 01:17:15.490293
9596,4848,9,1,47.83,0.0,47.83,2026-09-24 01:17:15.490293
9597,4848,8,2,41.28,14.39,68.17,2026-09-24 01:17:15.490293
9602,4852,17,1,117.0,0.0,117.0,2026-09-24 01:17:15.490293
9604,4854,11,1,363.73,0.0,363.73,2026-09-24 01:17:15.490293
9607,4856,11,3,2.04,1.47,4.65,2026-09-24 01:17:15.490293
9608,4856,17,2,14.7,1.48,27.92,2026-09-24 01:17:15.490293
9609,4857,17,1,191.29,0.0,191.29,2026-09-24 01:17:15.490293
9622,4865,16,2,19.85,0.0,39.7,2026-09-24 01:17:15.490293
9623,4865,20,4,20.1,0.0,80.4,2026-09-24 01:17:15.490293
9629,4868,3,1,74.42,4.16,70.26,2026-09-24 01:17:15.490293
9649,4874,19,1,12.71,0.0,12.71,2026-09-24 01:17:15.490293
9650,4874,1,1,142.3,0.0,142.3,2026-09-24 01:17:15.490293
9651,4875,15,1,44.85,0.0,44.85,2026-09-24 01:17:15.490293
9652,4875,20,2,77.03,0.0,154.06,2026-09-24 01:17:15.490293
9655,4878,19,1,130.19,0.0,130.19,2026-09-24 01:17:15.490293
9656,4878,13,2,85.31,0.0,170.62,2026-09-24 01:17:15.490293
9657,4879,14,1,32.41,0.0,32.41,2026-09-24 01:17:15.490293
9658,4879,5,1,60.12,0.0,60.12,2026-09-24 01:17:15.490293
9710,4906,17,3,26.61,0.0,79.83,2026-09-24 01:17:15.490293
9711,4906,13,1,147.59,0.0,147.59,2026-09-24 01:17:15.490293
9713,4908,20,1,36.55,0.0,36.55,2026-09-24 01:17:15.490293
9746,4923,15,1,192.87,36.55,156.32,2026-09-24 01:17:15.490293
9747,4924,5,3,11.57,0.0,34.71,2026-09-24 01:17:15.490293
9748,4924,20,5,31.56,0.0,157.8,2026-09-24 01:17:15.490293
9757,4928,3,1,120.38,33.94,86.44,2026-09-24 01:17:15.490293
9766,4933,16,1,18.95,0.0,18.95,2026-09-24 01:17:15.490293
9767,4933,20,1,93.78,0.0,93.78,2026-09-24 01:17:15.490293
9786,4941,7,1,116.15,8.07,108.08,2026-09-24 01:17:15.490293
9793,4944,11,1,31.45,0.0,31.45,2026-09-24 01:17:15.490293
9794,4944,2,1,7.58,0.0,7.58,2026-09-24 01:17:15.490293
9795,4944,11,1,24.46,0.0,24.46,2026-09-24 01:17:15.490293
9796,4944,16,2,32.97,18.72,47.22,2026-09-24 01:17:15.490293
9797,4945,18,1,123.15,0.0,123.15,2026-09-24 01:17:15.490293
9806,4950,13,2,32.72,3.91,61.53,2026-09-24 01:17:15.490293
9807,4950,3,1,137.71,0.0,137.71,2026-09-24 01:17:15.490293
9810,4952,3,3,28.48,0.0,85.44,2026-09-24 01:17:15.490293
9811,4952,7,1,100.98,0.0,100.98,2026-09-24 01:17:15.490293
9814,4954,19,1,53.05,0.0,53.05,2026-09-24 01:17:15.490293
9815,4954,2,1,69.25,0.0,69.25,2026-09-24 01:17:15.490293
9824,4959,20,1,30.42,0.0,30.42,2026-09-24 01:17:15.490293
9825,4959,13,1,79.83,0.0,79.83,2026-09-24 01:17:15.490293
9838,4964,4,2,3.95,0.0,7.9,2026-09-24 01:17:15.490293
9839,4964,9,1,33.52,5.82,27.7,2026-09-24 01:17:15.490293
9840,4964,5,1,37.54,4.39,33.15,2026-09-24 01:17:15.490293
9841,4964,3,1,42.83,0.0,42.83,2026-09-24 01:17:15.490293
9850,4968,14,1,61.02,0.0,61.02,2026-09-24 01:17:15.490293
9851,4968,14,1,69.48,0.0,69.48,2026-09-24 01:17:15.490293
9861,4973,5,1,27.19,0.0,27.19,2026-09-24 01:17:15.490293
9862,4973,12,1,26.08,0.0,26.08,2026-09-24 01:17:15.490293
9863,4973,10,2,42.37,0.0,84.74,2026-09-24 01:17:15.490293
