order_id,customer_id,order_date,order_total,payment_method,shipping_address,order_status,created_at,updated_at
6,580,2024-09-24 11:17:57.372977,89.33,credit_card,"7730 Levine Prairie Suite 077, Lake Donaldchester, ND 12203",completed,2026-09-24 01:17:15.387702,2026-09-24 01:17:15.387702
11,763,2024-09-25 10:17:58.372977,80.44,apple_pay,"002 Lindsey Fork Apt. 870, Valentineshire, PR 50884",completed,2026-09-24 01:17:15.387702,2026-09-24 01:17:15.387702
13,938,2024-09-25 17:48:25.372977,138.9,debit_card,"795 Jacob Summit Suite 225, New Jeremy, RI 17497",completed,2026-09-24 01:17:15.387702,2026-09-24 01:17:15.387702
16,763,2024-09-26 03:20:51.372977,59.08,credit_card,"46281 Morrison Forest Suite 883, North Ellenville, VA 96410",cancelled,2026-09-24 01:17:15.387702,2026-09-24 01:17:15.387702
20,357,2024-09-26 13:26:26.372977,56.08,debit_card,"79434 Mitchell Creek Suite 566, Davisfurt, HI 11977",completed,2026-09-24 01:17:15.387702,2026-09-24 01:17:15.387702
23,580,2024-09-26 21:27:53.372977,40.79,paypal,"421 Kaufman Extensions Suite 421, Brianport, VI 62478",completed,2026-09-24 01:17:15.387702,2026-09-24 01:17:15.387702
35,441,2024-09-28 11:02:43.372977,130.26,apple_pay,"736 Steven Pass, Deborahchester, NJ 24642",completed,2026-09-24 01:17:15.387702,2026-09-24 01:17:15.387702
43,628,2024-09-29 11:02:41.372977,139.58,debit_card,"310 Ortega Pines, South Ericamouth, SC 32615",cancelled,2026-09-24 01:17:15.387702,2026-09-24 01:17:15.387702
64,664,2024-10-01 21:01:22.372977,130.29,paypal,"08317 Kyle Rest, Harrisville, MN 47608",returned,2026-09-24 01:17:15.387702,2026-09-24 01:17:15.387702
66,363,2024-10-02 03:42:17.372977,292.15,apple_pay,"08972 Danielle Track Apt. 827, Harrisonville, DE 66202",completed,2026-09-24 01:17:15.387702,2026-09-24 01:17:15.387702
67,246,2024-10-02 18:58:46.372977,183.54,credit_card,"938 Stephen Forest, Katiemouth, MP 23058",pending,2026-09-24 01:17:15.387702,2026-09-24 01:17:15.387702
70,357,2024-10-02 19:52:07.372977,198.1,debit_card,"34686 Grace Forge, South Alexanderside, MO 59306",completed,2026-09-24 01:17:15.387702,2026-09-24 01:17:15.387702
72,246,2024-10-02 23:48:36.372977,111.29,credit_card,"366 Hanson Gateway, Brianatown, NC 36092",completed,2026-09-24 01:17:15.387702,2026-09-24 01:17:15.387702
73,691,2024-10-03 10:00:54.372977,31.21,debit_card,"30819 Robinson Summit Apt. 494, Duanetown, KS 47114",completed,2026-09-24 01:17:15.387702,2026-09-24 01:17:15.387702
76,739,2024-10-03 14:43:11.372977,78.46,credit_card,"109 Hull Neck Apt. 833, South Wandabury, SC 31827",completed,2026-09-24 01:17:15.387702,2026-09-24 01:17:15.387702
78,739,2024-10-03 17:30:37.372977,40.16,apple_pay,"03375 Ian Ville Suite 484, North Alan, GA 24619",completed,2026-09-24 01:17:15.387702,2026-09-24 01:17:15.387702
83,434,2024-10-04 01:57:04.372977,57.65,credit_card,"PSC 2783, Box 3226, APO AE 65005",cancelled,2026-09-24 01:17:15.387702,2026-09-24 01:17:15.387702
88,363,2024-10-04 22:37:41.372977,307.32,paypal,"73997 Beck Brooks, Ericaview, MP 92349",completed,2026-09-24 01:17:15.387702,2026-09-24 01:17:15.387702
100,831,2024-10-06 06:42:17.372977,267.38,credit_card,"88379 Carolyn Plains, Rebeccashire, IN 99700",processing,2026-09-24 01:17:15.387702,2026-09-24 01:17:15.387702
102,901,2024-10-06 07:00:31.372977,77.33,credit_card,"3963 Riley Meadow Apt. 787, North Cristianmouth, VA 35437",completed,2026-09-24 01:17:15.387702,2026-09-24 01:17:15.387702
104,283,2024-10-06 12:03:11.372977,71.24,credit_card,"2075 Andrew Throughway, Pittsberg, FL 50207",completed,2026-09-24 01:17:15.387702,2026-09-24 01:17:15.387702
118,943,2024-10-08 13:48:33.372977,100.89,debit_card,"82438 Caleb Meadows Apt. 922, East Sophia, PR 29741",completed,2026-09-24 01:17:15.387702,2026-09-24 01:17:15.387702
119,615,2024-10-08 16:10:42.372977,132.39,credit_card,"25661 Dyer Cape, Martinezview, WI 05211",completed,2026-09-24 01:17:15.387702,2026-09-24 01:17:15.387702
122,441,2024-10-09 19:11:51.372977,83.31,debit_card,"8328 Terrance Square, Savannahfort, MA 41400",completed,2026-09-24 01:17:15.387702,2026-09-24 01:17:15.387702
123,488,2024-10-09 19:48:10.372977,277.29,credit_card,"72858 Ashley Shores Apt. 340, Lake Toni, MO 06433",completed,2026-09-24 01:17:15.387702,2026-09-24 01:17:15.387702
139,664,2024-10-11 13:48:25.372977,186.56,credit_card,"1142 Jessica Lodge, Meganbury, IL 44712",pending,2026-09-24 01:17:15.387702,2026-09-24 01:17:15.387702
145,664,2024-10-12 09:16:51.372977,175.66,credit_card,"833 Desiree Greens, Lake Eric, PR 37938",completed,2026-09-24 01:17:15.387702,2026-09-24 01:17:15.387702
166,531,2024-10-14 23:53:54.372977,119.11,debit_card,"1891 Ortiz Cape Suite 310, North Samanthashire, NJ 62087",completed,2026-09-24 01:17:15.387702,2026-09-24 01:17:15.387702
167,72,2024-10-15 05:00:48.372977,127.97,apple_pay,"4921 Daniel Pine, New Amychester, RI 82086",completed,2026-09-24 01:17:15.387702,2026-09-24 01:17:15.387702
174,672,2024-10-15 22:52:57.372977,66.42,credit_card,"80287 Moore Square, Lake Joseph, AK 55091",pending,2026-09-24 01:17:15.387702,2026-09-24 01:17:15.387702
175,825,2024-10-16 07:45:58.372977,38.41,credit_card,"4148 Thornton Skyway, South Brendan, OK 23144",completed,2026-09-24 01:17:15.387702,2026-09-24 01:17:15.387702
182,580,2024-10-16 14:21:27.372977,108.13,google_pay,"9645 Rios Loaf Suite 949, Teresaland, MI 46845",pending,2026-09-24 01:17:15.387702,2026-09-24 01:17:15.387702
185,664,2024-10-17 11:29:12.372977,55.95,google_pay,"002 Macdonald Hill Suite 901, Greenmouth, ID 67493",completed,2026-09-24 01:17:15.387702,2026-09-24 01:17:15.387702
186,441,2024-10-17 11:47:34.372977,47.54,debit_card,"2662 Taylor Trail, Rogerston, CA 89802",pending,2026-09-24 01:17:15.387702,2026-09-24 01:17:15.387702
187,901,2024-10-17 12:29:49.372977,98.71,debit_card,"4326 Le Corner, Mooreburgh, MN 48006",cancelled,2026-09-24 01:17:15.387702,2026-09-24 01:17:15.387702
190,334,2024-10-18 00:44:52.372977,59.67,apple_pay,"544 Garner Knoll, Blackberg, FM 43486",completed,2026-09-24 01:17:15.387702,2026-09-24 01:17:15.387702
193,223,2024-10-18 13:57:10.372977,48.32,credit_card,"786 Steele Street Suite 047, Andersonfurt, VA 36407",completed,2026-09-24 01:17:15.387702,2026-09-24 01:17:15.387702
196,831,2024-10-19 01:41:48.372977,214.86,credit_card,"Unit 7770 Box 8594, DPO AP 22183",pending,2026-09-24 01:17:15.387702,2026-09-24 01:17:15.387702
209,739,2024-10-21 11:05:08.372977,120.9,apple_pay,"873 Odom Streets, Estradahaven, NE 56822",completed,2026-09-24 01:17:15.387702,2026-09-24 01:17:15.387702
219,869,2024-10-22 20:09:50.372977,134.34,credit_card,"60199 Tiffany Point Suite 808, Smithville, NJ 00654",processing,2026-09-24 01:17:15.387702,2026-09-24 01:17:15.387702
225,769,2024-10-23 04:53:45.372977,291.05,debit_card,"384 Collier Road, Port Erinside, PR 53569",cancelled,2026-09-24 01:17:15.387702,2026-09-24 01:17:15.387702
234,363,2024-10-24 06:46:13.372977,330.15,credit_card,"015 Kennedy Port Suite 526, Port Jane, GA 88415",processing,2026-09-24 01:17:15.387702,2026-09-24 01:17:15.387702
246,357,2024-10-26 07:59:39.372977,41.71,debit_card,"09978 Carter Extensions, New Ashley, CA 50212",completed,2026-09-24 01:17:15.387702,2026-09-24 01:17:15.387702
253,943,2024-10-26 22:09:21.372977,261.82,paypal,"1646 Theresa Trafficway Apt. 037, Port Katherineshire, MP 03276",processing,2026-09-24 01:17:15.387702,2026-09-24 01:17:15.387702
256,938,2024-10-27 16:14:30.372977,89.37,credit_card,"136 Coleman Ridges, South Jenniferhaven, NH 67969",completed,2026-09-24 01:17:15.387702,2026-09-24 01:17:15.387702
259,427,2024-10-28 11:06:40.372977,194.84,apple_pay,"Unit 1669 Box 4602, DPO AP 10342",completed,2026-09-24 01:17:15.387702,2026-09-24 01:17:15.387702
262,938,2024-10-28 20:32:33.372977,110.8,debit_card,"72631 Moss Row Suite 955, Lake Ian, TX 57998",completed,2026-09-24 01:17:15.387702,2026-09-24 01:17:15.387702
269,664,2024-10-30 10:02:09.372977,96.29,debit_card,"45386 Daryl Mews Apt. 207, Monicaton, AK 53263",completed,2026-09-24 01:17:15.387702,2026-09-24 01:17:15.387702
270,938,2024-10-30 19:28:05.372977,66.4,credit_card,"801 Bryce Ford, Lake Michaelshire, FL 27747",processing,2026-09-24 01:17:15.387702,2026-09-24 01:17:15.387702
274,334,2024-10-31 10:57:12.372977,112.33,credit_card,"991 Vega Lake, New Danielborough, MT 91356",completed,2026-09-24 01:17:15.387702,2026-09-24 01:17:15.387702
285,464,2024-11-02 19:54:10.372977,146.32,debit_card,"450 Ryan Burg, South Jesse, AL 76797",completed,2026-09-24 01:17:15.387702,2026-09-24 01:17:15.387702
287,943,2024-11-02 22:48:57.372977,107.79,credit_card,"632 Robinson Greens, South Katelyn, ID 89156",completed,2026-09-24 01:17:15.387702,2026-09-24 01:17:15.387702
293,619,2024-11-03 15:33:48.372977,140.9,credit_card,"2289 Steven Prairie Apt. 598, East Marcusfort, NJ 61430",completed,2026-09-24 01:17:15.387702,2026-09-24 01:17:15.387702
295,249,2024-11-03 20:28:47.372977,24.58,credit_card,"97311 Kayla Brooks, Port Steven, HI 15384",completed,2026-09-24 01:17:15.387702,2026-09-24 01:17:15.387702
296,628,2024-11-03 22:50:43.372977,176.13,credit_card,"10880 Frost Loaf Suite 593, Randallville, VT 35933",processing,2026-09-24 01:17:15.387702,2026-09-24 01:17:15.387702
302,427,2024-11-04 13:29:33.372977,145.6,debit_card,"9707 Davis Port Suite 674, North Stacyside, MO 64131",completed,2026-09-24 01:17:15.387702,2026-09-24 01:17:15.387702
305,769,2024-11-04 22:55:54.372977,233.43,credit_card,"Unit 0831 Box 3001, DPO AP 51128",completed,2026-09-24 01:17:15.387702,2026-09-24 01:17:15.387702
310,628,2024-11-05 20:28:34.372977,74.97,debit_card,"38297 Taylor Way, Michaelbury, VA 56415",completed,2026-09-24 01:17:15.387702,2026-09-24 01:17:15.387702
316,628,2024-11-06 11:36:27.372977,175.72,credit_card,"899 Thompson Grove Suite 463, East Jessicaview, WY 18823",completed,2026-09-24 01:17:15.387702,2026-09-24 01:17:15.387702
322,223,2024-11-06 22:31:50.372977,43.19,apple_pay,"816 Zimmerman Street, Christopherstad, MT 78604",completed,2026-09-24 01:17:15.387702,2026-09-24 01:17:15.387702
326,763,2024-11-07 10:55:10.372977,83.8,debit_card,"7371 Mullins Spur, South Stefanieshire, TN 51047",completed,2026-09-24 01:17:15.387702,2026-09-24 01:17:15.387702
332,580,2024-11-07 22:31:06.372977,119.45,paypal,"15438 Gibson Coves Apt. 779, Christineville, AS 37469",pending,2026-09-24 01:17:15.387702,2026-09-24 01:17:15.387702
336,691,2024-11-08 19:49:56.372977,56.51,credit_card,"008 Garcia Divide, Freemanton, CO 94003",completed,2026-09-24 01:17:15.387702,2026-09-24 01:17:15.387702
338,223,2024-11-09 01:46:10.372977,77.07,paypal,"4551 Harris Well Suite 211, South Matthewshire, KS 38908",completed,2026-09-24 01:17:15.387702,2026-09-24 01:17:15.387702
339,441,2024-11-09 11:49:32.372977,36.43,paypal,"1793 Salazar Rapids Apt. 393, New James, ID 69573",completed,2026-09-24 01:17:15.387702,2026-09-24 01:17:15.387702
347,283,2024-11-10 02:41:20.372977,56.52,google_pay,"482 Adam Pike Apt. 958, Hortonview, CT 75284",completed,2026-09-24 01:17:15.387702,2026-09-24 01:17:15.387702
348,628,2024-11-10 12:48:13.372977,131.62,credit_card,"2873 Rogers Dam, Margaretmouth, TX 90170",completed,2026-09-24 01:17:15.387702,2026-09-24 01:17:15.387702
351,615,2024-11-10 22:40:44.372977,97.14,credit_card,"44327 Margaret Ramp Apt. 980, Lake Abigail, SD 35064",completed,2026-09-24 01:17:15.387702,2026-09-24 01:17:15.387702
358,691,2024-11-11 21:23:34.372977,49.96,apple_pay,"037 Rollins Mill, New David, IN 27877",completed,2026-09-24 01:17:15.387702,2026-09-24 01:17:15.387702
365,943,2024-11-12 21:24:20.372977,212.79,credit_card,"86665 Leonard Fords, South Eric, FM 32171",completed,2026-09-24 01:17:15.387702,2026-09-24 01:17:15.387702
367,938,2024-11-13 04:51:17.372977,24.22,credit_card,"69769 Matthew Gateway, Kathrynfurt, FM 72817",completed,2026-09-24 01:17:15.387702,2026-09-24 01:17:15.387702
371,363,2024-11-13 12:52:10.372977,331.24,credit_card,"61054 Gary Light Apt. 284, Kellymouth, OR 19128",completed,2026-09-24 01:17:15.387702,2026-09-24 01:17:15.387702
373,943,2024-11-13 20:34:57.372977,237.74,credit_card,"341 Paula Mill, Port Dorothy, AK 87251",completed,2026-09-24 01:17:15.387702,2026-09-24 01:17:15.387702
374,357,2024-11-13 21:46:43.372977,122.88,debit_card,"9135 Emily Gateway, Kerrport, NV 69310",completed,2026-09-24 01:17:15.387702,2026-09-24 01:17:15.387702
394,334,2024-11-16 21:13:07.372977,77.75,debit_card,"9690 Howard Drives, Smithland, VA 06854",completed,2026-09-24 01:17:15.387702,2026-09-24 01:17:15.387702
397,615,2024-11-17 12:35:41.372977,174.06,credit_card,"20660 Wiggins Throughway, Lake Mariemouth, MT 78291",completed,2026-09-24 01:17:15.387702,2026-09-24 01:17:15.387702
407,691,2024-11-18 13:44:15.372977,58.8,credit_card,"3533 Baker Groves Suite 127, Timothyshire, ND 72882",completed,2026-09-24 01:17:15.387702,2026-09-24 01:17:15.387702
409,464,2024-11-18 21:09:13.372977,188.46,debit_card,"91479 Susan Fort Suite 728, New Michael, CO 96893",completed,2026-09-24 01:17:15.387702,2026-09-24 01:17:15.387702
414,901,2024-11-19 10:22:02.372977,62.15,credit_card,"USNV Huerta, FPO AA 83802",completed,2026-09-24 01:17:15.387702,2026-09-24 01:17:15.387702
420,619,2024-11-19 14:14:21.372977,173.06,credit_card,"17046 Warren Mountains Apt. 817, Thomasland, NE 63862",cancelled,2026-09-24 01:17:15.387702,2026-09-24 01:17:15.387702
421,691,2024-11-19 19:22:22.372977,108.72,credit_card,"0297 Vincent Dam, Port Vanessaberg, OK 34254",completed,2026-09-24 01:17:15.387702,2026-09-24 01:17:15.387702
423,531,2024-11-20 12:00:03.372977,43.96,paypal,"33761 Rachel Spring, Olsontown, CT 41225",completed,2026-09-24 01:17:15.387702,2026-09-24 01:17:15.387702
428,664,2024-11-21 09:41:23.372977,73.7,credit_card,"4691 Martin Parkways Suite 000, Port Heidiborough, WV 58644",processing,2026-09-24 01:17:15.387702,2026-09-24 01:17:15.387702
429,531,2024-11-21 12:52:30.372977,197.34,google_pay,"827 Crystal Lake Suite 816, Davisshire, NC 62888",completed,2026-09-24 01:17:15.387702,2026-09-24 01:17:15.387702
438,691,2024-11-23 14:53:54.372977,29.66,paypal,"9206 Norma Keys, East Lisaberg, AK 86237",completed,2026-09-24 01:17:15.387702,2026-09-24 01:17:15.387702
439,938,2024-11-23 18:03:50.372977,24.2,paypal,"5525 Caroline Circles, Port Tamara, MI 42645",completed,2026-09-24 01:17:15.387702,2026-09-24 01:17:15.387702
440,72,2024-11-23 23:54:10.372977,33.48,apple_pay,"962 Patricia Lane Apt. 998, East Malik, OH 96813",completed,2026-09-24 01:17:15.387702,2026-09-24 01:17:15.387702
442,531,2024-11-24 12:46:02.372977,135.34,debit_card,"61601 Elizabeth Road, Hernandezside, RI 83228",completed,2026-09-24 01:17:15.387702,2026-09-24 01:17:15.387702
445,434,2024-11-24 21:43:29.372977,47.1,credit_card,"1328 Andrew Track, New Matthewport, AL 68910",completed,2026-09-24 01:17:15.387702,2026-09-24 01:17:15.387702
449,739,2024-11-25 19:36:42.372977,55.39,paypal,"9833 Nichole Coves, South Natasha, KY 01216",processing,2026-09-24 01:17:15.387702,2026-09-24 01:17:15.387702
451,825,2024-11-26 03:25:34.372977,110.68,credit_card,"79117 Chloe Way Apt. 335, East Jessicastad, IL 11290",completed,2026-09-24 01:17:15.387702,2026-09-24 01:17:15.387702
453,223,2024-11-26 10:31:32.372977,80.08,debit_card,"6760 Kayla Trail Suite 401, Port Keithburgh, WV 06823",completed,2026-09-24 01:17:15.387702,2026-09-24 01:17:15.387702
454,979,2024-11-26 10:38:34.372977,160.43,debit_card,"453 Tonya Forge Apt. 345, East Michael, MT 67963",completed,2026-09-24 01:17:15.387702,2026-09-24 01:17:15.387702
457,739,2024-11-26 14:45:08.372977,146.25,debit_card,"3266 Brian Mall Apt. 597, East Melissa, IL 63030",pending,2026-09-24 01:17:15.387702,2026-09-24 01:17:15.387702
458,943,2024-11-26 14:56:08.372977,149.67,credit_card,"1271 Mitchell Shoals Apt. 883, Katherineside, NV 88618",pending,2026-09-24 01:17:15.387702,2026-09-24 01:17:15.387702
464,223,2024-11-27 13:57:46.372977,49.66,paypal,"8975 Christopher Summit, Frankview, WV 27555",completed,2026-09-24 01:17:15.387702,2026-09-24 01:17:15.387702
465,628,2024-11-27 14:09:30.372977,184.74,credit_card,"7720 Jennifer Square Apt. 688, New Barbaraview, IN 41588",returned,2026-09-24 01:17:15.387702,2026-09-24 01:17:15.387702
466,283,2024-11-28 10:46:46.372977,136.7,debit_card,"7994 Erik Lane, Davidhaven, NV 74829",completed,2026-09-24 01:17:15.387702,2026-09-24 01:17:15.387702
474,831,2024-11-28 21:38:51.372977,158.99,credit_card,"1258 Timothy Roads Apt. 053, Cummingschester, PA 27877",completed,2026-09-24 01:17:15.387702,2026-09-24 01:17:15.387702
482,628,2024-11-29 14:17:37.372977,168.22,debit_card,"Unit 4699 Box 1589, DPO AA 29217",returned,2026-09-24 01:17:15.387702,2026-09-24 01:17:15.387702
496,314,2024-12-01 12:02:57.372977,137.18,debit_card,"673 Jon Center Apt. 095, South Michael, SD 57699",completed,2026-09-24 01:17:15.387702,2026-09-24 01:17:15.387702
497,822,2024-12-01 13:49:12.372977,122.87,credit_card,"068 Patricia Village Suite 416, Pittsfurt, CT 13978",completed,2026-09-24 01:17:15.387702,2026-09-24 01:17:15.387702
502,431,2024-12-02 16:54:36.372977,20.45,debit_card,"6423 Victoria Lock, Gregoryville, RI 57644",completed,2026-09-24 01:17:15.387702,2026-09-24 01:17:15.387702
506,869,2024-12-02 21:44:45.372977,158.25,google_pay,"665 Tina Forest Suite 816, North Kelly, NV 30127",completed,2026-09-24 01:17:15.387702,2026-09-24 01:17:15.387702
508,825,2024-12-03 10:42:37.372977,21.58,paypal,"Unit 4310 Box 2993, DPO AE 12905",completed,2026-09-24 01:17:15.387702,2026-09-24 01:17:15.387702
522,881,2024-12-04 22:12:40.372977,139.34,credit_card,"9660 Scott Parkway Suite 625, Bellview, GA 24023",completed,2026-09-24 01:17:15.387702,2026-09-24 01:17:15.387702
523,72,2024-12-05 12:52:42.372977,54.57,paypal,"56761 Michael Haven, West Amandaborough, ME 23951",completed,2026-09-24 01:17:15.387702,2026-09-24 01:17:15.387702
524,943,2024-12-05 16:21:08.372977,165.75,credit_card,"3201 Holly Springs, Port Maria, MN 47231",completed,2026-09-24 01:17:15.387702,2026-09-24 01:17:15.387702
527,628,2024-12-05 23:59:24.372977,98.53,debit_card,"3028 Coleman Stravenue Suite 358, New Marilynshire, GU 72540",completed,2026-09-24 01:17:15.387702,2026-09-24 01:17:15.387702
540,246,2024-12-07 17:52:16.372977,128.39,paypal,"873 Jeremy Coves, Lake Victoria, MT 92659",completed,2026-09-24 01:17:15.387702,2026-09-24 01:17:15.387702
541,72,2024-12-07 20:10:36.372977,139.58,paypal,"5058 Elizabeth Extension, Johnnyfurt, TN 77766",completed,2026-09-24 01:17:15.387702,2026-09-24 01:17:15.387702
545,357,2024-12-08 06:58:59.372977,151.78,credit_card,"Unit 4378 Box 8724, DPO AE 60955",completed,2026-09-24 01:17:15.387702,2026-09-24 01:17:15.387702
551,831,2024-12-08 14:45:28.372977,232.8,credit_card,"1834 Hernandez Crossing, New Benjaminmouth, KS 44245",completed,2026-09-24 01:17:15.387702,2026-09-24 01:17:15.387702
564,431,2024-12-10 19:06:30.372977,68.41,paypal,"55157 Kristy Via, Michelleborough, WA 97461",completed,2026-09-24 01:17:15.387702,2026-09-24 01:17:15.387702
569,825,2024-12-11 05:57:08.372977,50.07,apple_pay,"1434 Heather Ville, South Charles, FL 93727",completed,2026-09-24 01:17:15.387702,2026-09-24 01:17:15.387702
579,427,2024-12-12 20:37:39.372977,126.28,paypal,"593 Dixon Square Apt. 528, West Anthonyfort, MD 06474",pending,2026-09-24 01:17:15.387702,2026-09-24 01:17:15.387702
583,580,2024-12-14 09:12:16.372977,38.71,debit_card,"313 Roth Isle Suite 196, Port Stevenstad, SC 07131",cancelled,2026-09-24 01:17:15.387702,2026-09-24 01:17:15.387702
594,441,2024-12-15 20:56:49.372977,95.94,credit_card,"229 Gutierrez Ways Suite 616, Parsonsville, ND 49279",completed,2026-09-24 01:17:15.387702,2026-09-24 01:17:15.387702
595,938,2024-12-15 22:34:42.372977,87.76,debit_card,"80363 Jeffrey Greens Suite 921, East Janicehaven, TX 65101",processing,2026-09-24 01:17:15.387702,2026-09-24 01:17:15.387702
596,531,2024-12-16 09:07:51.372977,94.08,google_pay,"815 Rachel Unions Apt. 221, West Jamesfurt, AZ 42012",completed,2026-09-24 01:17:15.387702,2026-09-24 01:17:15.387702
600,739,2024-12-16 19:49:10.372977,41.6,credit_card,"1189 Chavez Mountains Apt. 799, New Alyssa, NY 33437",completed,2026-09-24 01:17:15.387702,2026-09-24 01:17:15.387702
601,464,2024-12-16 22:20:57.372977,95.14,paypal,"7432 Rubio Valley Suite 553, West Anthony, PW 45650",completed,2026-09-24 01:17:15.387702,2026-09-24 01:17:15.387702
604,488,2024-12-17 11:41:58.372977,167.83,paypal,"1279 Lara Squares Apt. 130, Tiffanymouth, DC 42598",completed,2026-09-24 01:17:15.387702,2026-09-24 01:17:15.387702
613,881,2024-12-19 12:22:28.372977,106.23,credit_card,"59377 Justin Mission Suite 415, New Nicholas, MO 04838",completed,2026-09-24 01:17:15.387702,2026-09-24 01:17:15.387702
625,279,2024-12-20 20:18:51.372977,158.86,credit_card,"7761 Roberto Roads, Margaretburgh, AL 83706",completed,2026-09-24 01:17:15.387702,2026-09-24 01:17:15.387702
634,246,2024-12-22 03:32:18.372977,60.72,credit_card,"1720 Williams Stream, Diazside, KY 51133",completed,2026-09-24 01:17:15.387702,2026-09-24 01:17:15.387702
638,72,2024-12-22 21:11:48.372977,71.88,credit_card,"70267 Carrie Lights, West Melissaport, RI 12824",pending,2026-09-24 01:17:15.387702,2026-09-24 01:17:15.387702
641,544,2024-12-23 13:42:25.372977,55.3,credit_card,"30451 Martin Lodge Suite 371, New Lisafurt, KY 12279",pending,2026-09-24 01:17:15.387702,2026-09-24 01:17:15.387702
645,431,2024-12-23 23:51:46.372977,132.86,debit_card,"86171 Hart Fields Apt. 581, Huntertown, WI 47545",completed,2026-09-24 01:17:15.387702,2026-09-24 01:17:15.387702
647,453,2024-12-24 03:48:03.372977,697.66,paypal,"365 Lisa Stravenue, Mathismouth, FL 04855",completed,2026-09-24 01:17:15.387702,2026-09-24 01:17:15.387702
658,628,2024-12-25 12:32:00.372977,146.03,paypal,"2841 Michael Ridge Suite 804, Robinmouth, IL 46892",pending,2026-09-24 01:17:15.387702,2026-09-24 01:17:15.387702
659,739,2024-12-25 12:51:06.372977,90.57,credit_card,"01217 Kimberly Canyon Suite 342, North April, DC 39444",completed,2026-09-24 01:17:15.387702,2026-09-24 01:17:15.387702
662,283,2024-12-25 20:58:56.372977,146.11,apple_pay,"05095 Kimberly Spur Suite 277, New Colleen, UT 19232",completed,2026-09-24 01:17:15.387702,2026-09-24 01:17:15.387702
665,938,2024-12-26 14:39:15.372977,104.91,debit_card,"208 Armstrong Parkways, Port Crystal, CA 62336",completed,2026-09-24 01:17:15.387702,2026-09-24 01:17:15.387702
667,523,2024-12-26 20:05:00.372977,109.28,paypal,"78937 Simpson Isle Apt. 399, Houstonborough, MS 74650",completed,2026-09-24 01:17:15.387702,2026-09-24 01:17:15.387702
668,825,2024-12-26 22:01:47.372977,98.17,paypal,"23848 Wallace Lights, Port Mercedesland, OH 99585",completed,2026-09-24 01:17:15.387702,2026-09-24 01:17:15.387702
669,672,2024-12-27 12:35:41.372977,87.09,paypal,"56600 Nancy Isle Suite 836, Lake Stephanietown, ID 35715",completed,2026-09-24 01:17:15.387702,2026-09-24 01:17:15.387702
671,246,2024-12-27 13:53:54.372977,126.25,credit_card,"7200 Jeremy Walks, New Joelton, GA 07027",completed,2026-09-24 01:17:15.387702,2026-09-24 01:17:15.387702
672,739,2024-12-27 20:37:06.372977,134.7,credit_card,"87835 Gonzalez Views Apt. 330, Hallmouth, IA 82954",completed,2026-09-24 01:17:15.387702,2026-09-24 01:17:15.387702
673,357,2024-12-27 21:36:53.372977,159.1,paypal,"142 Joseph Courts, Chapmanshire, MD 29286",pending,2026-09-24 01:17:15.387702,2026-09-24 01:17:15.387702
676,619,2024-12-28 12:47:17.372977,151.15,apple_pay,"4471 Brittany Underpass, North Barbara, OK 06386",completed,2026-09-24 01:17:15.387702,2026-09-24 01:17:15.387702
688,246,2024-12-31 12:20:48.372977,189.64,credit_card,"3534 Virginia Villages Suite 391, Lake Jaybury, WA 92280",completed,2026-09-24 01:17:15.387702,2026-09-24 01:17:15.387702
691,943,2024-12-31 17:35:49.372977,117.28,credit_card,"859 Samuel Green, Lake Robert, WI 36061",completed,2026-09-24 01:17:15.387702,2026-09-24 01:17:15.387702
695,544,2025-01-02 02:24:46.372977,140.64,credit_card,"903 Ellison Spurs, East Valeriestad, PA 32275",completed,2026-09-24 01:17:15.387702,2026-09-24 01:17:15.387702
696,434,2025-01-02 07:23:25.372977,114.8,paypal,"090 Christy Lakes, Taylorfurt, RI 32158",completed,2026-09-24 01:17:15.387702,2026-09-24 01:17:15.387702
704,672,2025-01-03 00:07:09.372977,103.43,credit_card,"19768 John Lake, North Jonathanstad, CO 87876",pending,2026-09-24 01:17:15.387702,2026-09-24 01:17:15.387702
705,453,2025-01-03 07:47:46.372977,317.83,paypal,"Unit 4700 Box 2519, DPO AP 05715",completed,2026-09-24 01:17:15.387702,2026-09-24 01:17:15.387702
711,531,2025-01-04 00:55:44.372977,104.29,paypal,"5744 Jason Ranch Suite 115, East Lori, FM 36759",processing,2026-09-24 01:17:15.387702,2026-09-24 01:17:15.387702
716,763,2025-01-04 14:26:15.372977,65.77,paypal,"50556 Beth Junction Suite 933, Darrellchester, GA 15401",completed,2026-09-24 01:17:15.387702,2026-09-24 01:17:15.387702
717,441,2025-01-04 17:04:29.372977,82.83,credit_card,"362 Maldonado Branch, Ryanfort, PW 80270",completed,2026-09-24 01:17:15.387702,2026-09-24 01:17:15.387702
729,979,2025-01-06 09:05:42.372977,99.03,debit_card,"38211 Thompson Track, Lauraton, TX 17304",completed,2026-09-24 01:17:15.387702,2026-09-24 01:17:15.387702
747,249,2025-01-07 21:00:40.372977,147.46,debit_card,"92022 Roberts Grove Apt. 261, Shieldshaven, TN 34013",completed,2026-09-24 01:17:15.387702,2026-09-24 01:17:15.387702
752,881,2025-01-08 13:35:58.372977,80.33,debit_card,"2696 Massey Valley Apt. 576, Martinmouth, MH 09157",pending,2026-09-24 01:17:15.387702,2026-09-24 01:17:15.387702
755,314,2025-01-09 04:30:32.372977,106.39,credit_card,"8650 Zimmerman Parkways, Brownside, NV 21771",pending,2026-09-24 01:17:15.387702,2026-09-24 01:17:15.387702
760,825,2025-01-10 12:01:53.372977,60.94,debit_card,"5339 Nunez Knolls Suite 460, Bryanmouth, FM 66329",processing,2026-09-24 01:17:15.387702,2026-09-24 01:17:15.387702
763,283,2025-01-10 13:47:23.372977,44.49,credit_card,"USNS Morales, FPO AE 49286",completed,2026-09-24 01:17:15.387702,2026-09-24 01:17:15.387702
766,619,2025-01-11 19:22:31.372977,53.58,debit_card,"02387 Mary Corner Suite 647, Turnerborough, CO 27181",completed,2026-09-24 01:17:15.387702,2026-09-24 01:17:15.387702
769,691,2025-01-12 10:56:00.372977,49.86,credit_card,"47824 Summers Port, Port Davidfort, ID 74914",completed,2026-09-24 01:17:15.387702,2026-09-24 01:17:15.387702
786,628,2025-01-15 07:49:04.372977,184.93,apple_pay,"083 Kathleen Common, Barkerhaven, MT 59179",completed,2026-09-24 01:17:15.387702,2026-09-24 01:17:15.387702
796,314,2025-01-17 12:47:59.372977,161.08,debit_card,"997 Barrett Club Suite 459, Wendyfurt, CO 35028",completed,2026-09-24 01:17:15.387702,2026-09-24 01:17:15.387702
799,580,2025-01-17 22:57:48.372977,119.31,debit_card,"USS Wright, FPO AP 39717",completed,2026-09-24 01:17:15.387702,2026-09-24 01:17:15.387702
802,544,2025-01-18 13:37:49.372977,148.56,debit_card,"6297 Reese Loaf Suite 930, Thomasfort, MP 73191",completed,2026-09-24 01:17:15.387702,2026-09-24 01:17:15.387702
809,763,2025-01-19 07:28:12.372977,141.01,apple_pay,"8744 Cindy Run Apt. 375, Port Beckyburgh, FL 69261",completed,2026-09-24 01:17:15.387702,2026-09-24 01:17:15.387702
812,979,2025-01-19 12:41:12.372977,156.74,apple_pay,"949 Melissa Shoals Apt. 151, North Nancyside, CO 65182",completed,2026-09-24 01:17:15.387702,2026-09-24 01:17:15.387702
823,441,2025-01-21 21:16:56.372977,89.93,paypal,"87314 Brandi Islands, North Johnchester, NJ 70606",completed,2026-09-24 01:17:15.387702,2026-09-24 01:17:15.387702
825,464,2025-01-21 22:51:05.372977,159.08,credit_card,"3293 Thornton Falls, Goodwinbury, NY 22369",completed,2026-09-24 01:17:15.387702,2026-09-24 01:17:15.387702
830,901,2025-01-22 10:50:05.372977,122.72,debit_card,"0437 Jane Mall, New Lindabury, MA 69615",completed,2026-09-24 01:17:15.387702,2026-09-24 01:17:15.387702
833,523,2025-01-22 22:46:56.372977,158.05,apple_pay,"889 Joshua Island, Cruzport, OK 39690",completed,2026-09-24 01:17:15.387702,2026-09-24 01:17:15.387702
840,869,2025-01-23 14:39:26.372977,65.32,debit_card,"5430 Cody Path Suite 627, Michelleburgh, AS 01057",completed,2026-09-24 01:17:15.387702,2026-09-24 01:17:15.387702
843,314,2025-01-24 03:40:45.372977,49.97,credit_card,"3163 Lucas Inlet Suite 472, Robertport, MS 61763",completed,2026-09-24 01:17:15.387702,2026-09-24 01:17:15.387702
845,664,2025-01-24 13:27:31.372977,82.09,apple_pay,"89513 Smith Forest Suite 838, Mitchellborough, AK 69713",returned,2026-09-24 01:17:15.387702,2026-09-24 01:17:15.387702
848,739,2025-01-25 07:18:25.372977,133.83,paypal,"USNS Hunt, FPO AE 13398",completed,2026-09-24 01:17:15.387702,2026-09-24 01:17:15.387702
855,544,2025-01-26 08:28:55.372977,146.35,credit_card,"Unit 8641 Box 4863, DPO AE 77936",completed,2026-09-24 01:17:15.387702,2026-09-24 01:17:15.387702
859,943,2025-01-26 19:29:31.372977,195.67,paypal,"01203 Barbara Burgs Apt. 387, Port Katherineberg, ND 29840",processing,2026-09-24 01:17:15.387702,2026-09-24 01:17:15.387702
860,249,2025-01-26 19:34:11.372977,129.17,debit_card,"18673 Jasmin Drive, Stewartchester, TX 69512",pending,2026-09-24 01:17:15.387702,2026-09-24 01:17:15.387702
862,763,2025-01-27 02:27:19.372977,195.04,credit_card,"077 Green Corner, Carlaton, ME 88706",pending,2026-09-24 01:17:15.387702,2026-09-24 01:17:15.387702
863,938,2025-01-27 12:40:36.372977,66.38,credit_card,"876 Sean Mountain, Oliviaton, AL 32732",completed,2026-09-24 01:17:15.387702,2026-09-24 01:17:15.387702
865,453,2025-01-27 21:17:44.372977,638.44,credit_card,"96970 Anthony Cape Apt. 434, Carolfort, MN 97349",completed,2026-09-24 01:17:15.387702,2026-09-24 01:17:15.387702
866,72,2025-01-28 04:45:28.372977,102.43,credit_card,"9522 Jeremy Field, Jacobsville, SC 74005",completed,2026-09-24 01:17:15.387702,2026-09-24 01:17:15.387702
868,279,2025-01-28 10:27:04.372977,83.47,paypal,"911 Cross Well, Lopezville, CT 31723",processing,2026-09-24 01:17:15.387702,2026-09-24 01:17:15.387702
884,464,2025-01-31 21:50:17.372977,160.43,credit_card,"753 Troy Islands, Port Tracey, GU 72107",processing,2026-09-24 01:17:15.387702,2026-09-24 01:17:15.387702
886,628,2025-02-01 01:13:03.372977,84.32,paypal,"4552 Rasmussen Points, Kimburgh, SC 50433",completed,2026-09-24 01:17:15.387702,2026-09-24 01:17:15.387702
890,464,2025-02-01 09:29:16.372977,98.23,debit_card,"USS Nguyen, FPO AE 61427",completed,2026-09-24 01:17:15.387702,2026-09-24 01:17:15.387702
894,881,2025-02-01 19:38:22.372977,107.72,apple_pay,"6866 Brooke Loaf, Nicoletown, NJ 49099",completed,2026-09-24 01:17:15.387702,2026-09-24 01:17:15.387702
895,901,2025-02-01 21:12:34.372977,144.16,debit_card,"902 Tina Pike Suite 861, Lake Stacyside, IN 74546",completed,2026-09-24 01:17:15.387702,2026-09-24 01:17:15.387702
898,628,2025-02-02 10:12:35.372977,114.09,credit_card,"938 Sarah Tunnel Suite 013, East Veronicachester, VI 01933",completed,2026-09-24 01:17:15.387702,2026-09-24 01:17:15.387702
901,488,2025-02-02 13:32:27.372977,385.74,credit_card,"61969 Figueroa Cliffs Suite 877, Josephville, CO 68100",processing,2026-09-24 01:17:15.387702,2026-09-24 01:17:15.387702
904,619,2025-02-02 22:03:14.372977,177.51,credit_card,"26257 Burch Ranch, Randallfort, ME 51141",completed,2026-09-24 01:17:15.387702,2026-09-24 01:17:15.387702
906,434,2025-02-03 05:26:23.372977,28.62,credit_card,"3958 Palmer Drives Suite 464, East Paulbury, AK 44756",completed,2026-09-24 01:17:15.387702,2026-09-24 01:17:15.387702
939,283,2025-02-07 23:13:42.372977,112.34,debit_card,"104 Scott Squares Apt. 969, Edwardsport, CT 97973",completed,2026-09-24 01:17:15.387702,2026-09-24 01:17:15.387702
954,619,2025-02-09 12:49:59.372977,94.94,paypal,"678 Robertson Extension Suite 855, East Timothyton, WA 12993",completed,2026-09-24 01:17:15.387702,2026-09-24 01:17:15.387702
957,523,2025-02-09 21:30:24.372977,116.3,paypal,"16656 Brandon Mission, Lake Amandafurt, WV 09115",completed,2026-09-24 01:17:15.387702,2026-09-24 01:17:15.387702
962,822,2025-02-11 12:41:56.372977,123.64,credit_card,"62216 Kristina Lights, Arnoldmouth, KS 52721",returned,2026-09-24 01:17:15.387702,2026-09-24 01:17:15.387702
964,357,2025-02-11 21:14:04.372977,153.15,credit_card,"94115 Robinson Drive, Leslieshire, MO 30987",completed,2026-09-24 01:17:15.387702,2026-09-24 01:17:15.387702
972,441,2025-02-13 05:37:07.372977,117.11,credit_card,"913 Fox Garden, East Kristinhaven, GA 76097",completed,2026-09-24 01:17:15.387702,2026-09-24 01:17:15.387702
975,249,2025-02-13 14:14:02.372977,56.34,apple_pay,"38992 Carroll Forks Suite 444, Kristinside, MH 98615",completed,2026-09-24 01:17:15.387702,2026-09-24 01:17:15.387702
977,544,2025-02-13 21:44:29.372977,27.63,debit_card,"612 Victoria Lodge Suite 521, North Heathermouth, IL 10866",completed,2026-09-24 01:17:15.387702,2026-09-24 01:17:15.387702
984,434,2025-02-14 11:48:42.372977,59.38,credit_card,"39188 Stanley Lodge Apt. 273, Teresabury, MP 31260",processing,2026-09-24 01:17:15.387702,2026-09-24 01:17:15.387702
990,488,2025-02-14 22:05:13.372977,300.87,debit_card,"6992 Brittany Rue, South Crystal, OR 04940",completed,2026-09-24 01:17:15.387702,2026-09-24 01:17:15.387702
992,249,2025-02-14 22:49:17.372977,22.53,paypal,"8490 Hall Run Suite 783, North James, MO 16680",completed,2026-09-24 01:17:15.387702,2026-09-24 01:17:15.387702
1000,334,2025-02-16 08:59:22.372977,132.8,credit_card,"3209 Nicholas Forges, North Keithchester, KY 14702",completed,2026-09-24 01:17:15.387702,2026-09-24 01:17:15.387702
1003,997,2025-02-16 18:32:52.372977,120.82,paypal,"703 King Mountain Suite 630, Clarkemouth, OK 80148",completed,2026-09-24 01:17:15.387702,2026-09-24 01:17:15.387702
1007,441,2025-02-17 02:47:56.372977,148.6,credit_card,"PSC 0958, Box 0401, APO AA 51108",completed,2026-09-24 01:17:15.387702,2026-09-24 01:17:15.387702
1017,72,2025-02-18 13:04:55.372977,128.53,credit_card,"1138 Brown Islands, Garciachester, GA 81843",completed,2026-09-24 01:17:15.387702,2026-09-24 01:17:15.387702
1018,279,2025-02-18 14:47:24.372977,394.1,paypal,"345 Jackson Lights Apt. 628, Karahaven, LA 85192",completed,2026-09-24 01:17:15.387702,2026-09-24 01:17:15.387702
1028,441,2025-02-20 01:12:40.372977,55.23,debit_card,"35805 Cheyenne Village Suite 981, Stephanieside, AL 42898",cancelled,2026-09-24 01:17:15.387702,2026-09-24 01:17:15.387702
1038,357,2025-02-21 08:48:59.372977,153.21,debit_card,"310 Joe Route Apt. 115, New Vanessaport, TX 85364",completed,2026-09-24 01:17:15.387702,2026-09-24 01:17:15.387702
1062,314,2025-02-24 14:38:26.372977,128.04,paypal,"1691 Joshua Forges, East Kathyside, AR 24802",pending,2026-09-24 01:17:15.387702,2026-09-24 01:17:15.387702
1091,979,2025-02-28 21:08:20.372977,122.58,credit_card,"4190 Gonzalez Mountain Apt. 296, Middletonton, MA 01891",returned,2026-09-24 01:17:15.387702,2026-09-24 01:17:15.387702
1092,249,2025-02-28 22:14:26.372977,121.65,credit_card,"USNV Cox, FPO AE 48333",completed,2026-09-24 01:17:15.387702,2026-09-24 01:17:15.387702
1093,427,2025-03-01 02:59:20.372977,271.0,paypal,"052 Jonathan Club Apt. 395, Scottview, AR 93516",completed,2026-09-24 01:17:15.387702,2026-09-24 01:17:15.387702
1094,943,2025-03-01 11:10:10.372977,381.81,apple_pay,"Unit 8436 Box 6113, DPO AA 91112",completed,2026-09-24 01:17:15.387702,2026-09-24 01:17:15.387702
1096,314,2025-03-02 04:59:56.372977,102.38,credit_card,"179 Jamie Plains Suite 015, Garcialand, WY 65448",completed,2026-09-24 01:17:15.387702,2026-09-24 01:17:15.387702
1097,615,2025-03-02 05:28:29.372977,90.25,credit_card,"54920 Keller Harbor Suite 111, Schroederside, OH 11027",completed,2026-09-24 01:17:15.387702,2026-09-24 01:17:15.387702
1099,523,2025-03-02 11:46:08.372977,101.32,credit_card,"8530 Brennan Via, Kingbury, CA 97042",completed,2026-09-24 01:17:15.387702,2026-09-24 01:17:15.387702
1105,763,2025-03-03 12:00:13.372977,65.71,credit_card,"9146 Noah Hills Apt. 573, South Ronald, NC 35907",completed,2026-09-24 01:17:15.387702,2026-09-24 01:17:15.387702
1106,283,2025-03-03 12:12:15.372977,73.01,credit_card,"8099 Salazar Port, Kimmouth, ID 31723",completed,2026-09-24 01:17:15.387702,2026-09-24 01:17:15.387702
1107,769,2025-03-03 12:23:54.372977,108.03,credit_card,"791 John Street Apt. 379, South Chadhaven, MA 94358",completed,2026-09-24 01:17:15.387702,2026-09-24 01:17:15.387702
1108,664,2025-03-03 17:53:08.372977,44.23,credit_card,"6636 Brandon Creek Apt. 816, Port Samuel, OR 57575",completed,2026-09-24 01:17:15.387702,2026-09-24 01:17:15.387702
1116,763,2025-03-04 11:00:39.372977,129.54,credit_card,"454 Fisher Mountains Apt. 965, Perryville, PA 24888",completed,2026-09-24 01:17:15.387702,2026-09-24 01:17:15.387702
1119,979,2025-03-04 13:54:47.372977,126.34,debit_card,"868 Linda Keys, Andresfort, NY 71241",processing,2026-09-24 01:17:15.387702,2026-09-24 01:17:15.387702
1123,825,2025-03-05 09:32:33.372977,118.1,credit_card,"4620 Scott Heights, Thomasshire, RI 10485",completed,2026-09-24 01:17:15.387702,2026-09-24 01:17:15.387702
1124,246,2025-03-05 09:55:57.372977,120.56,paypal,"89899 Adrian Park, Peterville, WA 15814",completed,2026-09-24 01:17:15.387702,2026-09-24 01:17:15.387702
1125,938,2025-03-05 12:19:43.372977,100.4,debit_card,"87884 Chavez Port, West Kimberly, NH 46142",completed,2026-09-24 01:17:15.387702,2026-09-24 01:17:15.387702
1130,672,2025-03-06 03:00:24.372977,69.16,paypal,"35180 Linda Inlet Apt. 149, Port Amanda, NY 39423",completed,2026-09-24 01:17:15.387702,2026-09-24 01:17:15.387702
1131,825,2025-03-06 04:52:09.372977,98.05,debit_card,"PSC 9036, Box 7486, APO AA 47695",completed,2026-09-24 01:17:15.387702,2026-09-24 01:17:15.387702
1137,434,2025-03-06 17:15:56.372977,113.44,apple_pay,"91684 Carroll Extension Suite 349, Denisemouth, GU 80966",processing,2026-09-24 01:17:15.387702,2026-09-24 01:17:15.387702
1140,825,2025-03-07 11:06:08.372977,145.79,paypal,"38678 James Fall, Zhangside, KY 95853",completed,2026-09-24 01:17:15.387702,2026-09-24 01:17:15.387702
1141,580,2025-03-07 12:11:33.372977,24.46,debit_card,"42599 Jonathan Unions Apt. 193, Jessicaside, OK 67300",completed,2026-09-24 01:17:15.387702,2026-09-24 01:17:15.387702
1147,357,2025-03-09 01:13:19.372977,104.58,credit_card,"1346 Cynthia Throughway, South Amyton, SC 63878",pending,2026-09-24 01:17:15.387702,2026-09-24 01:17:15.387702
1148,441,2025-03-09 05:56:50.372977,138.37,debit_card,"USCGC Heath, FPO AE 08421",processing,2026-09-24 01:17:15.387702,2026-09-24 01:17:15.387702
1149,580,2025-03-09 12:14:38.372977,55.47,debit_card,"80770 Jesse Trail Apt. 715, South Amberberg, LA 50469",completed,2026-09-24 01:17:15.387702,2026-09-24 01:17:15.387702
1165,531,2025-03-12 03:05:25.372977,85.47,credit_card,"24934 Crystal Knoll, East Christopher, GA 11490",completed,2026-09-24 01:17:15.387702,2026-09-24 01:17:15.387702
1166,434,2025-03-12 07:33:43.372977,46.58,debit_card,"8848 Rivera Oval Apt. 744, Sullivantown, NV 18208",completed,2026-09-24 01:17:15.387702,2026-09-24 01:17:15.387702
1170,434,2025-03-12 20:08:28.372977,40.7,debit_card,"748 Ashley Parks Apt. 940, Breannaside, AZ 18897",completed,2026-09-24 01:17:15.387702,2026-09-24 01:17:15.387702
1176,531,2025-03-13 17:13:22.372977,73.56,credit_card,"609 Donald Brooks Suite 072, Jonstad, VA 26468",completed,2026-09-24 01:17:15.387702,2026-09-24 01:17:15.387702
1177,523,2025-03-13 19:07:48.372977,73.15,paypal,"8265 Williams Mills, East Veronica, PW 15048",completed,2026-09-24 01:17:15.387702,2026-09-24 01:17:15.387702
1178,363,2025-03-13 20:16:56.372977,112.48,paypal,"03043 Brandon Turnpike, Fordtown, VA 04163",completed,2026-09-24 01:17:15.387702,2026-09-24 01:17:15.387702
1179,363,2025-03-13 21:31:56.372977,201.19,debit_card,"42647 Bruce Plains, Port Charlesmouth, FM 03034",completed,2026-09-24 01:17:15.387702,2026-09-24 01:17:15.387702
1181,901,2025-03-13 22:43:47.372977,133.6,credit_card,"98310 Brian Spur, Edwardmouth, AK 27030",completed,2026-09-24 01:17:15.387702,2026-09-24 01:17:15.387702
1187,279,2025-03-14 13:11:15.372977,119.1,debit_card,"88947 Cole Points, Martinhaven, VI 86477",completed,2026-09-24 01:17:15.387702,2026-09-24 01:17:15.387702
1189,283,2025-03-14 21:31:43.372977,44.25,paypal,"314 Hansen Mission, Taylorfurt, PA 86882",completed,2026-09-24 01:17:15.387702,2026-09-24 01:17:15.387702
1191,943,2025-03-15 09:46:07.372977,118.95,apple_pay,"781 Mccullough Camp, Elizabethchester, ME 80792",completed,2026-09-24 01:17:15.387702,2026-09-24 01:17:15.387702
1198,334,2025-03-15 21:20:03.372977,62.54,credit_card,"974 Pruitt Loop Suite 071, New Wendyshire, MA 09406",completed,2026-09-24 01:17:15.387702,2026-09-24 01:17:15.387702
1209,279,2025-03-17 12:07:21.372977,372.49,credit_card,"2644 Jonathan Rue Apt. 279, Russellmouth, PA 85855",completed,2026-09-24 01:17:15.387702,2026-09-24 01:17:15.387702
1210,441,2025-03-17 19:51:00.372977,83.17,debit_card,"8564 Adkins Haven, Robertview, AK 41032",completed,2026-09-24 01:17:15.387702,2026-09-24 01:17:15.387702
1212,739,2025-03-17 21:42:57.372977,180.78,credit_card,"40287 Torres Mountain Apt. 648, East Johnfort, NC 21271",completed,2026-09-24 01:17:15.387702,2026-09-24 01:17:15.387702
1216,544,2025-03-17 22:56:56.372977,143.4,google_pay,"07178 Ricky Knoll Suite 026, Thomasberg, ID 10565",completed,2026-09-24 01:17:15.387702,2026-09-24 01:17:15.387702
1222,938,2025-03-18 19:47:54.372977,142.86,credit_card,"679 Robert Dale Suite 341, Frenchland, PR 40087",completed,2026-09-24 01:17:15.387702,2026-09-24 01:17:15.387702
1224,997,2025-03-18 22:36:06.372977,109.45,credit_card,"499 Patrick Ferry, East Brettmouth, GA 16404",completed,2026-09-24 01:17:15.387702,2026-09-24 01:17:15.387702
1225,979,2025-03-19 10:27:17.372977,40.92,credit_card,"USNS Walker, FPO AA 70760",completed,2026-09-24 01:17:15.387702,2026-09-24 01:17:15.387702
1226,664,2025-03-19 12:58:11.372977,84.0,debit_card,"39964 Henry Crest, South Matthew, IN 05785",completed,2026-09-24 01:17:15.387702,2026-09-24 01:17:15.387702
1228,979,2025-03-20 14:00:25.372977,173.23,paypal,"70775 Jennifer Plaza Suite 949, Gonzalezstad, NH 50031",processing,2026-09-24 01:17:15.387702,2026-09-24 01:17:15.387702
1233,615,2025-03-20 22:17:06.372977,40.51,paypal,"70725 Nelson Stream Apt. 786, North Carolynview, NH 85596",completed,2026-09-24 01:17:15.387702,2026-09-24 01:17:15.387702
1242,831,2025-03-22 13:05:03.372977,154.44,credit_card,"36024 Graham Street Suite 467, Thomasstad, CA 58374",completed,2026-09-24 01:17:15.387702,2026-09-24 01:17:15.387702
1244,901,2025-03-22 18:27:35.372977,84.43,google_pay,"33467 Jones Square, Lake Rachelmouth, MN 01904",cancelled,2026-09-24 01:17:15.387702,2026-09-24 01:17:15.387702
1248,283,2025-03-23 04:04:17.372977,104.81,credit_card,"206 Tracy Gateway, Banksborough, AR 04832",completed,2026-09-24 01:17:15.387702,2026-09-24 01:17:15.387702
1252,363,2025-03-23 12:12:34.372977,382.38,paypal,"8287 Cooper Mission, Jessicastad, DC 43998",processing,2026-09-24 01:17:15.387702,2026-09-24 01:17:15.387702
1254,901,2025-03-24 09:43:43.372977,51.33,debit_card,"6620 Matthew Spurs Suite 094, Natashafort, ND 76752",processing,2026-09-24 01:17:15.387702,2026-09-24 01:17:15.387702
1255,869,2025-03-24 12:06:15.372977,109.45,credit_card,"473 Tasha Estates Apt. 224, Port Ryan, NV 73404",pending,2026-09-24 01:17:15.387702,2026-09-24 01:17:15.387702
1266,453,2025-03-25 14:44:40.372977,359.55,credit_card,"6262 Mark Trace Suite 053, East Kaitlynland, WA 70574",completed,2026-09-24 01:17:15.387702,2026-09-24 01:17:15.387702
1269,943,2025-03-26 14:49:29.372977,257.1,credit_card,"56286 Tyler Pass Apt. 384, Popeland, IA 97359",completed,2026-09-24 01:17:15.387702,2026-09-24 01:17:15.387702
1270,523,2025-03-26 16:09:07.372977,42.58,paypal,"454 Dustin Pass, Bakerview, NJ 53018",completed,2026-09-24 01:17:15.387702,2026-09-24 01:17:15.387702
1272,246,2025-03-26 21:46:25.372977,87.86,paypal,"364 Stephenson Center, South James, NM 52354",processing,2026-09-24 01:17:15.387702,2026-09-24 01:17:15.387702
1284,531,2025-03-28 02:47:50.372977,96.42,debit_card,"08165 Hayley Junctions Suite 153, North Jennifer, GA 73694",completed,2026-09-24 01:17:15.387702,2026-09-24 01:17:15.387702
1286,464,2025-03-28 19:40:38.372977,186.88,credit_card,"Unit 0241 Box 5984, DPO AA 77731",completed,2026-09-24 01:17:15.387702,2026-09-24 01:17:15.387702
1287,488,2025-03-29 05:12:16.372977,246.22,google_pay,"44379 Richard Meadow Apt. 448, Floydmouth, DE 16167",completed,2026-09-24 01:17:15.387702,2026-09-24 01:17:15.387702
1291,763,2025-03-29 13:20:57.372977,195.9,debit_card,"78049 Poole Dale, New Jaimeside, AS 25710",completed,2026-09-24 01:17:15.387702,2026-09-24 01:17:15.387702
1298,434,2025-03-30 03:57:18.372977,47.73,apple_pay,"5859 Michelle Shore, Port Douglas, KS 34073",pending,2026-09-24 01:17:15.387702,2026-09-24 01:17:15.387702
1300,825,2025-03-30 12:00:32.372977,70.96,debit_card,"83262 Matthew Manors Apt. 483, Youngberg, MH 30895",pending,2026-09-24 01:17:15.387702,2026-09-24 01:17:15.387702
1301,363,2025-03-30 18:33:00.372977,127.71,credit_card,"07086 Angela Rapids, Wesleyport, MO 89796",pending,2026-09-24 01:17:15.387702,2026-09-24 01:17:15.387702
1308,672,2025-03-31 11:38:45.372977,142.18,debit_card,"442 Fuentes Extensions, East Raven, LA 63266",completed,2026-09-24 01:17:15.387702,2026-09-24 01:17:15.387702
1314,938,2025-03-31 21:44:39.372977,98.01,debit_card,"7301 Anderson Club, Isabelmouth, SC 68345",completed,2026-09-24 01:17:15.387702,2026-09-24 01:17:15.387702
1319,431,2025-04-01 07:41:24.372977,107.74,credit_card,"47863 Pittman Terrace Apt. 362, Sextonbury, AR 66240",cancelled,2026-09-24 01:17:15.387702,2026-09-24 01:17:15.387702
1324,901,2025-04-02 08:38:23.372977,76.22,credit_card,"701 Thompson Radial Suite 033, Johnstonfurt, ND 29981",completed,2026-09-24 01:17:15.387702,2026-09-24 01:17:15.387702
1325,831,2025-04-02 09:46:13.372977,171.23,debit_card,"68973 Shelley Gateway, Westberg, IA 91696",completed,2026-09-24 01:17:15.387702,2026-09-24 01:17:15.387702
1331,938,2025-04-03 04:53:10.372977,103.08,apple_pay,"80571 Pamela Viaduct Suite 844, Brandonberg, VA 64378",processing,2026-09-24 01:17:15.387702,2026-09-24 01:17:15.387702
1335,763,2025-04-03 12:19:05.372977,128.53,credit_card,"USS Lyons, FPO AE 29260",cancelled,2026-09-24 01:17:15.387702,2026-09-24 01:17:15.387702
1342,881,2025-04-04 11:48:59.372977,54.87,debit_card,"524 Cynthia Park Suite 155, South Martinchester, KS 40631",completed,2026-09-24 01:17:15.387702,2026-09-24 01:17:15.387702
1350,434,2025-04-05 21:16:59.372977,84.36,apple_pay,"26193 Salazar Way Apt. 293, New Deborahport, LA 28740",completed,2026-09-24 01:17:15.387702,2026-09-24 01:17:15.387702
1353,488,2025-04-06 10:41:34.372977,101.43,credit_card,"8616 Heath Glen Apt. 300, East Frank, MT 38813",completed,2026-09-24 01:17:15.387702,2026-09-24 01:17:15.387702
1363,615,2025-04-07 22:00:34.372977,186.58,apple_pay,"8085 Christopher Square, Port Nataliemouth, AK 87550",completed,2026-09-24 01:17:15.387702,2026-09-24 01:17:15.387702
1370,72,2025-04-09 01:37:15.372977,83.6,credit_card,"PSC 1830, Box 2585, APO AE 35567",completed,2026-09-24 01:17:15.387702,2026-09-24 01:17:15.387702
1372,938,2025-04-09 11:52:58.372977,132.85,debit_card,"USNV Allen, FPO AA 18280",completed,2026-09-24 01:17:15.387702,2026-09-24 01:17:15.387702
1374,314,2025-04-09 12:29:59.372977,80.47,debit_card,"4064 Martin Pine, Russellhaven, AL 01084",cancelled,2026-09-24 01:17:15.387702,2026-09-24 01:17:15.387702
1376,769,2025-04-09 14:19:42.372977,390.88,paypal,"768 Chang Groves, Maryberg, MD 45039",completed,2026-09-24 01:17:15.387702,2026-09-24 01:17:15.387702
1379,363,2025-04-10 02:55:00.372977,280.8,debit_card,"325 Phillips Inlet Apt. 387, East Johnathan, CT 99914",processing,2026-09-24 01:17:15.387702,2026-09-24 01:17:15.387702
1382,881,2025-04-10 12:20:08.372977,115.78,debit_card,"1187 Megan Mill Suite 989, North Robertside, AZ 20540",pending,2026-09-24 01:17:15.387702,2026-09-24 01:17:15.387702
1384,831,2025-04-10 19:17:12.372977,187.49,credit_card,"095 David Stream, Snyderside, KS 67417",completed,2026-09-24 01:17:15.387702,2026-09-24 01:17:15.387702
1395,434,2025-04-11 12:47:16.372977,130.13,credit_card,"772 Hernandez Loop Apt. 746, Sanchezhaven, KY 83502",completed,2026-09-24 01:17:15.387702,2026-09-24 01:17:15.387702
1396,246,2025-04-11 13:35:12.372977,87.07,credit_card,"17794 Suzanne Row Apt. 101, Taylorview, ND 17983",completed,2026-09-24 01:17:15.387702,2026-09-24 01:17:15.387702
1397,664,2025-04-11 21:26:40.372977,171.84,credit_card,"302 Jimmy Ford, Andersonstad, MT 21021",completed,2026-09-24 01:17:15.387702,2026-09-24 01:17:15.387702
1402,334,2025-04-13 01:36:27.372977,69.08,debit_card,"24076 Mitchell Roads, Elizabethborough, MS 20471",completed,2026-09-24 01:17:15.387702,2026-09-24 01:17:15.387702
1403,453,2025-04-13 05:24:17.372977,406.36,credit_card,"9109 Julia Orchard Suite 865, East Kelli, ND 01085",completed,2026-09-24 01:17:15.387702,2026-09-24 01:17:15.387702
1404,488,2025-04-13 13:29:30.372977,290.72,credit_card,"0438 James Ports Apt. 384, New Beckyville, HI 52324",completed,2026-09-24 01:17:15.387702,2026-09-24 01:17:15.387702
1410,431,2025-04-14 13:41:36.372977,45.49,debit_card,"3156 English Junctions, Lake Jasonmouth, ID 68978",completed,2026-09-24 01:17:15.387702,2026-09-24 01:17:15.387702
1415,901,2025-04-14 22:13:48.372977,130.91,credit_card,"9178 Stacy Plaza Suite 576, West David, VT 57262",completed,2026-09-24 01:17:15.387702,2026-09-24 01:17:15.387702
1416,831,2025-04-15 04:03:32.372977,236.99,credit_card,"492 Gregory Land, South Carol, WV 85157",completed,2026-09-24 01:17:15.387702,2026-09-24 01:17:15.387702
1420,997,2025-04-15 12:16:31.372977,100.4,paypal,"83239 Gonzalez Drive Apt. 559, Jacobborough, MH 78166",completed,2026-09-24 01:17:15.387702,2026-09-24 01:17:15.387702
1427,938,2025-04-16 18:20:36.372977,30.69,credit_card,"824 Lee Cliffs Apt. 737, West Michaelbury, CA 14902",completed,2026-09-24 01:17:15.387702,2026-09-24 01:17:15.387702
1430,831,2025-04-17 04:34:08.372977,303.93,paypal,"69562 Claudia Pass, Janetfurt, CO 96104",completed,2026-09-24 01:17:15.387702,2026-09-24 01:17:15.387702
1431,769,2025-04-17 10:45:18.372977,299.72,apple_pay,"082 Christopher Terrace Apt. 461, Jessicashire, KY 55711",completed,2026-09-24 01:17:15.387702,2026-09-24 01:17:15.387702
1439,869,2025-04-18 06:25:49.372977,49.08,credit_card,"937 Robert Rapid Suite 191, East Shelby, AL 44153",completed,2026-09-24 01:17:15.387702,2026-09-24 01:17:15.387702
1447,580,2025-04-19 20:04:11.372977,140.52,google_pay,"311 Tiffany Springs Apt. 309, Crawfordborough, PA 59203",processing,2026-09-24 01:17:15.387702,2026-09-24 01:17:15.387702
1460,464,2025-04-21 12:48:56.372977,161.77,paypal,"55310 Gonzalez Club Apt. 207, West Jessica, ND 85429",completed,2026-09-24 01:17:15.387702,2026-09-24 01:17:15.387702
1466,739,2025-04-22 20:37:52.372977,59.94,google_pay,"Unit 4673 Box 1371, DPO AP 62099",completed,2026-09-24 01:17:15.387702,2026-09-24 01:17:15.387702
1470,822,2025-04-23 10:18:41.372977,103.4,paypal,"871 Dixon Springs, Stephanieport, VI 26561",completed,2026-09-24 01:17:15.387702,2026-09-24 01:17:15.387702
1480,283,2025-04-24 22:57:07.372977,68.91,debit_card,"303 Holmes Trafficway Suite 736, Donnatown, VI 38650",completed,2026-09-24 01:17:15.387702,2026-09-24 01:17:15.387702
1482,434,2025-04-25 19:26:41.372977,101.32,credit_card,"5447 Scott Park Apt. 447, Nielsenland, NH 41370",completed,2026-09-24 01:17:15.387702,2026-09-24 01:17:15.387702
1484,544,2025-04-25 22:26:56.372977,74.3,paypal,"087 Meagan Forest, Warrenmouth, VT 32116",completed,2026-09-24 01:17:15.387702,2026-09-24 01:17:15.387702
1488,997,2025-04-26 21:42:18.372977,68.32,debit_card,"592 Joshua Spurs, Myersberg, CA 99272",completed,2026-09-24 01:17:15.387702,2026-09-24 01:17:15.387702
1490,531,2025-04-27 12:06:20.372977,97.86,apple_pay,"7466 Estrada Junction, New Beverly, UT 92213",completed,2026-09-24 01:17:15.387702,2026-09-24 01:17:15.387702
1503,997,2025-04-29 21:35:16.372977,90.65,google_pay,"38602 Laura Isle Apt. 898, North Tonya, WI 36936",completed,2026-09-24 01:17:15.387702,2026-09-24 01:17:15.387702
1504,672,2025-04-29 22:31:42.372977,51.3,debit_card,"2490 Megan Grove, West Kevinbury, KY 49863",completed,2026-09-24 01:17:15.387702,2026-09-24 01:17:15.387702
1506,901,2025-04-30 11:02:38.372977,120.65,credit_card,"75917 Andrew Groves, Port Steven, ID 96031",pending,2026-09-24 01:17:15.387702,2026-09-24 01:17:15.387702
1507,283,2025-04-30 12:28:12.372977,121.79,credit_card,"3160 Jack Points Suite 897, Danielfort, DC 56933",completed,2026-09-24 01:17:15.387702,2026-09-24 01:17:15.387702
1517,314,2025-05-01 17:43:39.372977,109.18,credit_card,"48900 Smith Park Apt. 876, West Anthony, DC 73843",completed,2026-09-24 01:17:15.387702,2026-09-24 01:17:15.387702
1519,283,2025-05-01 22:28:26.372977,80.69,debit_card,"571 Ronald Knoll, Williamsstad, GU 53214",completed,2026-09-24 01:17:15.387702,2026-09-24 01:17:15.387702
1528,249,2025-05-02 17:12:54.372977,21.44,credit_card,"58920 Lynch Bridge, Deborahfurt, GU 89168",pending,2026-09-24 01:17:15.387702,2026-09-24 01:17:15.387702
1534,769,2025-05-02 22:38:35.372977,149.13,credit_card,"18500 Anderson Common Apt. 068, Port Rebekah, ME 69752",completed,2026-09-24 01:17:15.387702,2026-09-24 01:17:15.387702
1543,997,2025-05-04 05:17:45.372977,99.03,apple_pay,"765 Ball Lights Suite 476, New Michaeltown, NY 88478",processing,2026-09-24 01:17:15.387702,2026-09-24 01:17:15.387702
1546,997,2025-05-04 13:29:44.372977,52.58,debit_card,"76960 Tara Ways, West Travis, MP 69363",processing,2026-09-24 01:17:15.387702,2026-09-24 01:17:15.387702
1547,314,2025-05-04 20:01:08.372977,180.42,apple_pay,"997 Martin Crossing Suite 878, South Lisaside, VI 33173",completed,2026-09-24 01:17:15.387702,2026-09-24 01:17:15.387702
1548,544,2025-05-04 20:07:18.372977,115.26,apple_pay,"1452 Vaughan Harbor, Hillshire, CA 90295",processing,2026-09-24 01:17:15.387702,2026-09-24 01:17:15.387702
1550,531,2025-05-05 02:37:20.372977,90.53,paypal,"80075 Jessica Loop Apt. 337, Port Rachel, OK 31801",completed,2026-09-24 01:17:15.387702,2026-09-24 01:17:15.387702
1559,619,2025-05-06 21:41:33.372977,135.86,paypal,"15240 Stafford Crossing, Danamouth, NY 90876",pending,2026-09-24 01:17:15.387702,2026-09-24 01:17:15.387702
1560,223,2025-05-06 22:23:23.372977,119.11,debit_card,"99824 Davis Spur, North Aaronmouth, PW 68640",completed,2026-09-24 01:17:15.387702,2026-09-24 01:17:15.387702
1561,769,2025-05-06 22:57:21.372977,211.2,google_pay,"PSC 6522, Box 3507, APO AP 79564",completed,2026-09-24 01:17:15.387702,2026-09-24 01:17:15.387702
1572,441,2025-05-08 09:32:51.372977,99.12,debit_card,"5398 Riddle Harbor, West Melissaburgh, NE 95031",completed,2026-09-24 01:17:15.387702,2026-09-24 01:17:15.387702
1579,943,2025-05-09 13:42:10.372977,219.22,credit_card,"355 Joseph Mountains Suite 079, Longbury, FM 55408",completed,2026-09-24 01:17:15.387702,2026-09-24 01:17:15.387702
1590,246,2025-05-10 22:45:13.372977,128.09,debit_card,"737 Paul Extensions Suite 555, New Michaelland, IN 97779",cancelled,2026-09-24 01:17:15.387702,2026-09-24 01:17:15.387702
1592,822,2025-05-11 01:00:09.372977,54.15,google_pay,"9674 Brianna Corner Suite 053, South Kristenview, WY 75097",pending,2026-09-24 01:17:15.387702,2026-09-24 01:17:15.387702
1598,997,2025-05-12 09:23:53.372977,37.33,credit_card,"083 Hunt Course, West Jacob, WI 53553",completed,2026-09-24 01:17:15.387702,2026-09-24 01:17:15.387702
1601,434,2025-05-12 17:22:06.372977,96.41,debit_card,"USNV Contreras, FPO AE 23116",completed,2026-09-24 01:17:15.387702,2026-09-24 01:17:15.387702
1616,664,2025-05-14 19:16:21.372977,180.4,credit_card,"8782 Thomas Shoals Suite 207, Thomasview, WY 82924",pending,2026-09-24 01:17:15.387702,2026-09-24 01:17:15.387702
1617,223,2025-05-14 21:59:58.372977,164.92,debit_card,"511 Brittany Rue Apt. 387, Dianastad, MD 74405",completed,2026-09-24 01:17:15.387702,2026-09-24 01:17:15.387702
1618,427,2025-05-15 03:45:16.372977,392.09,credit_card,"1611 Jamie Isle Suite 322, Rebeccaland, NY 19977",pending,2026-09-24 01:17:15.387702,2026-09-24 01:17:15.387702
1625,628,2025-05-15 23:08:17.372977,159.97,debit_card,"47585 Amy Causeway Suite 105, Hernandezmouth, GU 19585",completed,2026-09-24 01:17:15.387702,2026-09-24 01:17:15.387702
1629,544,2025-05-16 15:46:30.372977,105.39,credit_card,"901 Williams Junction Suite 502, Shannonfort, AZ 88656",completed,2026-09-24 01:17:15.387702,2026-09-24 01:17:15.387702
1630,869,2025-05-16 20:52:49.372977,157.34,paypal,"926 Warren Fork, Lake Nathaniel, DC 77783",completed,2026-09-24 01:17:15.387702,2026-09-24 01:17:15.387702
1631,831,2025-05-16 20:56:30.372977,189.49,debit_card,"USNS Morris, FPO AP 80267",completed,2026-09-24 01:17:15.387702,2026-09-24 01:17:15.387702
1638,822,2025-05-17 13:44:10.372977,33.04,debit_card,"3302 Nixon Roads Suite 099, Mannburgh, DE 73616",pending,2026-09-24 01:17:15.387702,2026-09-24 01:17:15.387702
1655,822,2025-05-19 21:15:58.372977,26.6,apple_pay,"82366 Maria Loaf, North Christopher, GU 20296",completed,2026-09-24 01:17:15.387702,2026-09-24 01:17:15.387702
1659,334,2025-05-20 14:53:50.372977,197.84,credit_card,"2617 Miller Vista, Christopherside, SD 18319",completed,2026-09-24 01:17:15.387702,2026-09-24 01:17:15.387702
1679,763,2025-05-23 20:41:27.372977,153.32,debit_card,"87443 York Avenue Suite 359, Andersonfort, MT 31465",completed,2026-09-24 01:17:15.387702,2026-09-24 01:17:15.387702
1681,363,2025-05-24 02:53:21.372977,217.49,debit_card,"659 Matthew Curve Suite 025, Davisville, AS 38502",completed,2026-09-24 01:17:15.387702,2026-09-24 01:17:15.387702
1684,763,2025-05-24 14:30:08.372977,89.58,credit_card,"70660 Snyder Light Suite 273, North Jessica, GA 96387",completed,2026-09-24 01:17:15.387702,2026-09-24 01:17:15.387702
1685,938,2025-05-24 16:18:01.372977,103.68,apple_pay,"400 Mcbride Dam Suite 663, East Francisland, KS 32898",returned,2026-09-24 01:17:15.387702,2026-09-24 01:17:15.387702
1686,615,2025-05-24 20:17:26.372977,188.25,debit_card,"35659 White Ports, North Cynthia, HI 32202",completed,2026-09-24 01:17:15.387702,2026-09-24 01:17:15.387702
1692,427,2025-05-25 21:34:23.372977,389.36,credit_card,"21839 Castillo Squares, Jamesbury, ID 43389",completed,2026-09-24 01:17:15.387702,2026-09-24 01:17:15.387702
1694,979,2025-05-25 22:03:58.372977,193.72,credit_card,"PSC 1851, Box 7530, APO AP 84673",completed,2026-09-24 01:17:15.387702,2026-09-24 01:17:15.387702
1698,979,2025-05-26 11:26:01.372977,111.44,credit_card,"206 Graham Fords, Vincentmouth, PW 91970",completed,2026-09-24 01:17:15.387702,2026-09-24 01:17:15.387702
1700,938,2025-05-26 14:05:02.372977,139.34,debit_card,"8006 Smith Spur, Ramirezberg, OK 30752",completed,2026-09-24 01:17:15.387702,2026-09-24 01:17:15.387702
1711,831,2025-05-28 12:51:56.372977,137.34,credit_card,"964 Robert Roads Suite 009, Mooreview, FM 01952",completed,2026-09-24 01:17:15.387702,2026-09-24 01:17:15.387702
1714,357,2025-05-28 16:23:09.372977,74.6,apple_pay,"72751 Cortez Drive, Port Jonathanport, NV 68832",completed,2026-09-24 01:17:15.387702,2026-09-24 01:17:15.387702
1717,223,2025-05-29 00:12:06.372977,100.56,paypal,"73540 Bowman Flats, Kimberlytown, AS 13074",completed,2026-09-24 01:17:15.387702,2026-09-24 01:17:15.387702
1740,691,2025-06-01 08:35:54.372977,120.83,credit_card,"83995 Walters Mountains Apt. 228, North Michellefort, CO 89360",completed,2026-09-24 01:17:15.387702,2026-09-24 01:17:15.387702
1741,246,2025-06-01 10:34:04.372977,147.88,credit_card,"885 Taylor Forest Apt. 579, South Jackton, VI 63533",completed,2026-09-24 01:17:15.387702,2026-09-24 01:17:15.387702
1750,544,2025-06-02 20:30:35.372977,48.18,credit_card,"91696 Huang Place Apt. 238, Spencerberg, MP 46911",completed,2026-09-24 01:17:15.387702,2026-09-24 01:17:15.387702
1760,763,2025-06-03 13:08:24.372977,74.91,debit_card,"4453 Michael Mountains Apt. 119, Charlesland, AL 74984",pending,2026-09-24 01:17:15.387702,2026-09-24 01:17:15.387702
1777,453,2025-06-06 02:14:57.372977,770.05,credit_card,"49785 Noble Way, Port Melanie, IN 19481",completed,2026-09-24 01:17:15.387702,2026-09-24 01:17:15.387702
1782,246,2025-06-07 04:59:16.372977,112.5,credit_card,"01844 West Lane Apt. 629, Brianchester, LA 09063",processing,2026-09-24 01:17:15.387702,2026-09-24 01:17:15.387702
1786,223,2025-06-07 20:39:45.372977,151.32,credit_card,"491 Roberts Light Suite 052, Meganbury, SD 88801",completed,2026-09-24 01:17:15.387702,2026-09-24 01:17:15.387702
1792,523,2025-06-08 13:13:59.372977,92.83,paypal,"047 Garcia Avenue Apt. 803, Blackborough, NY 84309",returned,2026-09-24 01:17:15.387702,2026-09-24 01:17:15.387702
1798,334,2025-06-08 21:41:00.372977,54.5,apple_pay,"93934 Ramirez Valley Apt. 539, Mirandaburgh, AS 14289",pending,2026-09-24 01:17:15.387702,2026-09-24 01:17:15.387702
1812,619,2025-06-10 20:55:34.372977,72.57,google_pay,"PSC 8245, Box 9198, APO AA 70464",completed,2026-09-24 01:17:15.387702,2026-09-24 01:17:15.387702
1813,615,2025-06-10 22:24:36.372977,75.82,credit_card,"104 Joanne Mills, East Tara, MH 12390",pending,2026-09-24 01:17:15.387702,2026-09-24 01:17:15.387702
1815,997,2025-06-11 12:36:07.372977,39.33,paypal,"36012 Wong Pine Apt. 709, South Ronaldburgh, PW 90147",completed,2026-09-24 01:17:15.387702,2026-09-24 01:17:15.387702
1823,464,2025-06-12 17:59:01.372977,62.44,debit_card,"0702 Vasquez Passage, Patriciamouth, RI 69108",completed,2026-09-24 01:17:15.387702,2026-09-24 01:17:15.387702
1835,580,2025-06-14 20:02:24.372977,65.55,paypal,"047 Carpenter Row, West Christopherstad, NC 37495",completed,2026-09-24 01:17:15.387702,2026-09-24 01:17:15.387702
1841,825,2025-06-15 13:51:35.372977,87.99,credit_card,"64330 Phillips Terrace Suite 965, West Williamfurt, PR 73642",pending,2026-09-24 01:17:15.387702,2026-09-24 01:17:15.387702
1845,691,2025-06-15 21:10:18.372977,130.31,paypal,"8694 Catherine Neck Suite 134, Lauriemouth, IA 91761",completed,2026-09-24 01:17:15.387702,2026-09-24 01:17:15.387702
1851,523,2025-06-16 13:44:03.372977,68.4,debit_card,"19914 Corey Well, Lake Ashleyton, NJ 14636",completed,2026-09-24 01:17:15.387702,2026-09-24 01:17:15.387702
1852,334,2025-06-16 19:36:28.372977,98.16,debit_card,"8513 Tiffany Club, Port Rebekahfurt, MA 28757",pending,2026-09-24 01:17:15.387702,2026-09-24 01:17:15.387702
1855,283,2025-06-17 12:35:35.372977,189.1,credit_card,"2542 Paul Squares Suite 563, New Daniel, DC 98549",completed,2026-09-24 01:17:15.387702,2026-09-24 01:17:15.387702
1858,869,2025-06-17 19:55:58.372977,145.48,debit_card,"2684 Rodriguez Wells, Lindseymouth, PA 07740",cancelled,2026-09-24 01:17:15.387702,2026-09-24 01:17:15.387702
1865,619,2025-06-18 13:55:19.372977,172.42,credit_card,"USNV Rogers, FPO AP 24913",completed,2026-09-24 01:17:15.387702,2026-09-24 01:17:15.387702
1871,283,2025-06-19 18:07:49.372977,70.95,credit_card,"487 Curry Way, North Brettville, SD 12665",completed,2026-09-24 01:17:15.387702,2026-09-24 01:17:15.387702
1878,938,2025-06-20 12:33:51.372977,63.36,paypal,"USNS Anderson, FPO AE 84915",completed,2026-09-24 01:17:15.387702,2026-09-24 01:17:15.387702
1883,869,2025-06-20 18:48:59.372977,82.2,credit_card,"3619 Holland Motorway Apt. 173, Kathrynberg, KY 66897",processing,2026-09-24 01:17:15.387702,2026-09-24 01:17:15.387702
1889,72,2025-06-21 16:00:01.372977,109.15,credit_card,"322 Ortega Rapid Apt. 557, East Gregory, FL 24650",pending,2026-09-24 01:17:15.387702,2026-09-24 01:17:15.387702
1892,615,2025-06-21 20:20:56.372977,59.8,debit_card,"9412 Kathy Green, Brandyburgh, ID 23627",completed,2026-09-24 01:17:15.387702,2026-09-24 01:17:15.387702
1898,531,2025-06-22 12:30:58.372977,134.06,credit_card,"77157 Thompson Spring Apt. 060, New Gregoryborough, NY 22647",completed,2026-09-24 01:17:15.387702,2026-09-24 01:17:15.387702
1900,223,2025-06-22 21:01:55.372977,116.8,debit_card,"364 Jones Plain Suite 774, Ashleyshire, KY 16415",completed,2026-09-24 01:17:15.387702,2026-09-24 01:17:15.387702
1901,938,2025-06-22 21:45:51.372977,29.93,credit_card,"99948 Kelly Haven Apt. 138, Heatherfurt, MH 76161",cancelled,2026-09-24 01:17:15.387702,2026-09-24 01:17:15.387702
1908,691,2025-06-24 04:28:58.372977,107.34,paypal,"Unit 3434 Box 4070, DPO AP 03136",processing,2026-09-24 01:17:15.387702,2026-09-24 01:17:15.387702
1909,223,2025-06-24 09:14:56.372977,161.87,paypal,"89994 James Shore Suite 029, South Williamside, SC 29045",completed,2026-09-24 01:17:15.387702,2026-09-24 01:17:15.387702
1913,283,2025-06-25 07:40:38.372977,42.16,google_pay,"93575 Allison Underpass, North Christopherfort, AZ 25228",cancelled,2026-09-24 01:17:15.387702,2026-09-24 01:17:15.387702
1914,363,2025-06-25 08:13:32.372977,285.76,credit_card,"163 Benson Pike, North Josephmouth, FL 00702",completed,2026-09-24 01:17:15.387702,2026-09-24 01:17:15.387702
1918,672,2025-06-25 15:27:05.372977,161.04,paypal,"868 Monica Crescent Apt. 433, South Jonathanhaven, AK 42506",completed,2026-09-24 01:17:15.387702,2026-09-24 01:17:15.387702
1919,279,2025-06-25 16:48:54.372977,94.53,paypal,"3499 Angela Green Apt. 678, Mossmouth, NY 37167",pending,2026-09-24 01:17:15.387702,2026-09-24 01:17:15.387702
1920,825,2025-06-25 20:57:58.372977,102.64,apple_pay,"27034 Johnny Way Apt. 526, Harrischester, ME 22407",completed,2026-09-24 01:17:15.387702,2026-09-24 01:17:15.387702
1921,488,2025-06-25 20:59:59.372977,275.12,debit_card,"58828 Johnson Freeway, Christopherland, OR 77605",completed,2026-09-24 01:17:15.387702,2026-09-24 01:17:15.387702
1924,431,2025-06-26 13:39:21.372977,67.57,debit_card,"PSC 2985, Box 3243, APO AP 99457",completed,2026-09-24 01:17:15.387702,2026-09-24 01:17:15.387702
1925,691,2025-06-26 14:12:51.372977,21.38,credit_card,"0731 Williams Groves, Schmidtberg, PR 44860",pending,2026-09-24 01:17:15.387702,2026-09-24 01:17:15.387702
1931,997,2025-06-27 18:44:08.372977,74.45,apple_pay,"91702 Lee Greens, Josephmouth, AS 78470",completed,2026-09-24 01:17:15.387702,2026-09-24 01:17:15.387702
1940,464,2025-06-28 14:34:54.372977,158.6,apple_pay,"83647 Monica Hollow Suite 581, Johnsonbury, IA 46307",cancelled,2026-09-24 01:17:15.387702,2026-09-24 01:17:15.387702
1941,825,2025-06-28 20:49:53.372977,24.56,credit_card,"58322 Garrett Divide, West Jonathon, KY 09860",completed,2026-09-24 01:17:15.387702,2026-09-24 01:17:15.387702
1949,901,2025-06-29 23:51:48.372977,33.04,credit_card,"56225 Holmes Road, South Alexandermouth, MP 85027",completed,2026-09-24 01:17:15.387702,2026-09-24 01:17:15.387702
1951,997,2025-06-30 02:35:34.372977,49.62,paypal,"6415 Ellis Turnpike Apt. 907, Michaelland, NH 35326",processing,2026-09-24 01:17:15.387702,2026-09-24 01:17:15.387702
1953,763,2025-06-30 08:27:08.372977,163.13,credit_card,"76882 Brown Streets Apt. 941, Port Frank, MD 97796",cancelled,2026-09-24 01:17:15.387702,2026-09-24 01:17:15.387702
1961,357,2025-06-30 16:02:32.372977,49.33,google_pay,"8530 Torres Loaf Suite 598, New Shelleyfurt, IA 18322",pending,2026-09-24 01:17:15.387702,2026-09-24 01:17:15.387702
1964,441,2025-07-01 13:09:42.372977,130.9,debit_card,"49481 Strong Points Apt. 687, Kellybury, TX 65050",completed,2026-09-24 01:17:15.387702,2026-09-24 01:17:15.387702
1965,464,2025-07-01 20:44:56.372977,129.09,credit_card,"825 Norman Springs Suite 913, Christopherhaven, MO 76104",completed,2026-09-24 01:17:15.387702,2026-09-24 01:17:15.387702
1967,869,2025-07-01 21:21:44.372977,105.1,paypal,"1856 Norman Stravenue, Wilsonside, VI 84025",completed,2026-09-24 01:17:15.387702,2026-09-24 01:17:15.387702
1969,825,2025-07-02 12:17:04.372977,129.63,debit_card,"95800 Joyce Mountains Suite 411, Williamsmouth, GA 94867",completed,2026-09-24 01:17:15.387702,2026-09-24 01:17:15.387702
1970,831,2025-07-02 12:29:44.372977,277.52,apple_pay,"140 Gaines Club Apt. 806, Lake Vickieton, NJ 35130",processing,2026-09-24 01:17:15.387702,2026-09-24 01:17:15.387702
1975,997,2025-07-03 10:03:25.372977,114.61,credit_card,"97039 Dennis Turnpike Suite 338, Port Anthonyland, KS 88017",pending,2026-09-24 01:17:15.387702,2026-09-24 01:17:15.387702
1978,223,2025-07-03 14:09:55.372977,174.89,debit_card,"4184 Maria Divide Suite 405, West Derek, PA 29472",completed,2026-09-24 01:17:15.387702,2026-09-24 01:17:15.387702
1980,831,2025-07-03 14:58:58.372977,194.84,credit_card,"1019 Walker Divide, North Markfort, NY 84587",completed,2026-09-24 01:17:15.387702,2026-09-24 01:17:15.387702
1986,453,2025-07-04 00:10:22.372977,475.41,apple_pay,"58727 Christine Wells Apt. 357, East Hollyview, AK 80770",completed,2026-09-24 01:17:15.387702,2026-09-24 01:17:15.387702
1988,279,2025-07-04 09:22:18.372977,363.32,debit_card,"7523 Flynn Mall, South Craig, TN 83655",pending,2026-09-24 01:17:15.387702,2026-09-24 01:17:15.387702
1991,427,2025-07-04 12:04:19.372977,313.65,debit_card,"2333 Daniel Parks Apt. 900, South Donald, GU 89624",completed,2026-09-24 01:17:15.387702,2026-09-24 01:17:15.387702
2011,938,2025-07-06 19:23:02.372977,28.75,credit_card,"2502 Brandon Wall, Ramirezburgh, KS 29637",completed,2026-09-24 01:17:15.387702,2026-09-24 01:17:15.387702
2014,672,2025-07-06 21:49:57.372977,79.25,paypal,"766 Roberta Crossroad, West Edwinchester, NJ 26974",completed,2026-09-24 01:17:15.387702,2026-09-24 01:17:15.387702
2016,628,2025-07-07 05:58:14.372977,183.57,debit_card,"76822 Sherman Summit Apt. 726, Hatfieldhaven, MO 55329",completed,2026-09-24 01:17:15.387702,2026-09-24 01:17:15.387702
2018,223,2025-07-07 13:05:33.372977,182.39,credit_card,"093 Martinez Shoal, West Aaron, NE 88758",completed,2026-09-24 01:17:15.387702,2026-09-24 01:17:15.387702
2022,488,2025-07-07 23:37:24.372977,98.98,credit_card,"781 Washington Green, Port Lonnieland, AK 88810",completed,2026-09-24 01:17:15.387702,2026-09-24 01:17:15.387702
2026,822,2025-07-08 11:46:30.372977,49.36,credit_card,"USS Young, FPO AP 65318",completed,2026-09-24 01:17:15.387702,2026-09-24 01:17:15.387702
2027,580,2025-07-08 13:51:58.372977,64.39,paypal,"PSC 3960, Box 4244, APO AA 01070",completed,2026-09-24 01:17:15.387702,2026-09-24 01:17:15.387702
2028,822,2025-07-08 16:53:36.372977,81.74,credit_card,"6343 Fisher Parkway, Lake Michael, GU 32478",completed,2026-09-24 01:17:15.387702,2026-09-24 01:17:15.387702
2034,523,2025-07-09 10:05:11.372977,106.2,debit_card,"3302 Perez Ports Suite 992, Curryton, PW 26850",completed,2026-09-24 01:17:15.387702,2026-09-24 01:17:15.387702
2037,357,2025-07-09 12:03:45.372977,190.87,apple_pay,"522 Timothy Crossroad, Donaldhaven, NJ 84794",completed,2026-09-24 01:17:15.387702,2026-09-24 01:17:15.387702
2039,825,2025-07-09 13:38:15.372977,68.6,google_pay,"4707 Michael Ramp, Josephberg, TN 49327",processing,2026-09-24 01:17:15.387702,2026-09-24 01:17:15.387702
2054,619,2025-07-10 21:24:24.372977,127.49,paypal,"8945 Daniel Rapids Apt. 246, Jonesshire, RI 78280",cancelled,2026-09-24 01:17:15.387702,2026-09-24 01:17:15.387702
2056,901,2025-07-11 03:17:57.372977,40.75,credit_card,"62376 Joseph Port, Hooverchester, IL 49068",completed,2026-09-24 01:17:15.387702,2026-09-24 01:17:15.387702
2060,314,2025-07-11 21:39:18.372977,167.28,debit_card,"422 Anderson Camp, Kristenbury, VT 01590",completed,2026-09-24 01:17:15.387702,2026-09-24 01:17:15.387702
2064,869,2025-07-12 12:51:33.372977,133.7,apple_pay,"7106 Krystal Circle Suite 737, Riceburgh, CA 34007",pending,2026-09-24 01:17:15.387702,2026-09-24 01:17:15.387702
2066,441,2025-07-12 20:26:46.372977,32.49,credit_card,"568 Gomez Inlet, South Steven, GU 84252",completed,2026-09-24 01:17:15.387702,2026-09-24 01:17:15.387702
2070,363,2025-07-13 02:42:16.372977,288.21,debit_card,"USNS Oliver, FPO AE 21213",completed,2026-09-24 01:17:15.387702,2026-09-24 01:17:15.387702
2071,580,2025-07-13 03:14:14.372977,75.2,debit_card,"PSC 3212, Box 5954, APO AE 18936",completed,2026-09-24 01:17:15.387702,2026-09-24 01:17:15.387702
2072,881,2025-07-13 10:31:41.372977,109.67,credit_card,"80571 Darrell Walk, Whitefurt, TX 51104",completed,2026-09-24 01:17:15.387702,2026-09-24 01:17:15.387702
2075,334,2025-07-13 20:22:46.372977,168.61,credit_card,"62895 Joshua Highway, Lisaville, SC 10561",completed,2026-09-24 01:17:15.387702,2026-09-24 01:17:15.387702
2080,672,2025-07-14 19:16:43.372977,136.2,debit_card,"635 Albert Tunnel Apt. 761, Bobberg, AR 41709",completed,2026-09-24 01:17:15.387702,2026-09-24 01:17:15.387702
2082,881,2025-07-14 19:57:25.372977,58.31,credit_card,"55501 Carl Rapid Apt. 499, Davidborough, FM 44656",completed,2026-09-24 01:17:15.387702,2026-09-24 01:17:15.387702
2092,691,2025-07-16 03:18:00.372977,79.0,credit_card,"7691 Deanna Turnpike, South Tammy, PA 32967",pending,2026-09-24 01:17:15.387702,2026-09-24 01:17:15.387702
2096,580,2025-07-16 19:15:09.372977,36.49,paypal,"77876 Rivers Street Suite 324, Johnsonfort, WV 05164",completed,2026-09-24 01:17:15.387702,2026-09-24 01:17:15.387702
2097,523,2025-07-16 19:45:32.372977,153.86,paypal,"354 Mccarthy Row, Ritaberg, NC 74886",completed,2026-09-24 01:17:15.387702,2026-09-24 01:17:15.387702
2098,531,2025-07-16 20:06:18.372977,166.12,credit_card,"651 Mosley Turnpike Apt. 127, Lake Carriemouth, FL 53687",completed,2026-09-24 01:17:15.387702,2026-09-24 01:17:15.387702
2102,464,2025-07-17 08:07:24.372977,68.18,paypal,"PSC 7277, Box 8340, APO AA 76908",completed,2026-09-24 01:17:15.387702,2026-09-24 01:17:15.387702
2104,249,2025-07-17 13:18:53.372977,51.86,credit_card,"6766 Christina Center Apt. 737, East Rachelmouth, WY 65265",completed,2026-09-24 01:17:15.387702,2026-09-24 01:17:15.387702
2113,453,2025-07-18 10:43:39.372977,177.68,credit_card,"595 Lance Park Apt. 687, Travisburgh, MD 53817",completed,2026-09-24 01:17:15.387702,2026-09-24 01:17:15.387702
2119,464,2025-07-19 10:45:26.372977,98.51,debit_card,"6414 Thomas Creek, Melissaland, VT 03463",completed,2026-09-24 01:17:15.387702,2026-09-24 01:17:15.387702
2124,441,2025-07-19 22:29:17.372977,104.2,credit_card,"99394 Kelly Landing Apt. 443, Lake Zachary, WI 13552",returned,2026-09-24 01:17:15.387702,2026-09-24 01:17:15.387702
2127,869,2025-07-20 15:05:39.372977,105.6,google_pay,"26101 Mcgee Vista Suite 263, East Samantha, AZ 58819",completed,2026-09-24 01:17:15.387702,2026-09-24 01:17:15.387702
2128,279,2025-07-20 17:50:00.372977,255.43,credit_card,"Unit 9300 Box 5195, DPO AA 59669",processing,2026-09-24 01:17:15.387702,2026-09-24 01:17:15.387702
2139,249,2025-07-22 13:36:03.372977,85.34,debit_card,"653 Roberts Groves, Hannahside, ID 78351",completed,2026-09-24 01:17:15.387702,2026-09-24 01:17:15.387702
2142,314,2025-07-22 21:01:20.372977,108.4,credit_card,"PSC 3177, Box 9053, APO AA 05905",completed,2026-09-24 01:17:15.387702,2026-09-24 01:17:15.387702
2144,739,2025-07-23 06:50:54.372977,113.8,credit_card,"576 Reilly Throughway Suite 253, Hayesville, CT 64137",completed,2026-09-24 01:17:15.387702,2026-09-24 01:17:15.387702
2145,279,2025-07-23 09:44:29.372977,130.33,paypal,"PSC 5151, Box 9275, APO AP 37324",processing,2026-09-24 01:17:15.387702,2026-09-24 01:17:15.387702
2146,672,2025-07-23 13:18:48.372977,196.91,debit_card,"7967 Stephanie Grove, East Janetown, TN 07257",completed,2026-09-24 01:17:15.387702,2026-09-24 01:17:15.387702
2148,979,2025-07-23 20:28:43.372977,102.25,paypal,"576 Washington Ports Apt. 793, New Kyleview, IN 61012",completed,2026-09-24 01:17:15.387702,2026-09-24 01:17:15.387702
2159,427,2025-07-25 14:23:45.372977,109.66,credit_card,"4124 Joshua Place Suite 288, East Maria, WA 95402",completed,2026-09-24 01:17:15.387702,2026-09-24 01:17:15.387702
2170,619,2025-07-28 10:31:50.372977,74.15,google_pay,"580 Kristen Pike Suite 116, Port Franklinton, VI 98034",completed,2026-09-24 01:17:15.387702,2026-09-24 01:17:15.387702
2174,279,2025-07-28 22:19:43.372977,339.48,paypal,"9919 Chandler Station Suite 017, Carterstad, AK 25600",completed,2026-09-24 01:17:15.387702,2026-09-24 01:17:15.387702
2175,997,2025-07-28 22:54:08.372977,62.96,google_pay,"450 William Fords Suite 764, Isaacborough, FL 42332",completed,2026-09-24 01:17:15.387702,2026-09-24 01:17:15.387702
2177,881,2025-07-29 04:34:21.372977,102.4,paypal,"6399 Jose View, Johnsonhaven, HI 91501",processing,2026-09-24 01:17:15.387702,2026-09-24 01:17:15.387702
2178,691,2025-07-29 11:29:42.372977,96.8,debit_card,"223 Stephanie Ferry, Peterfort, DC 45880",returned,2026-09-24 01:17:15.387702,2026-09-24 01:17:15.387702
2182,664,2025-07-30 00:14:13.372977,176.92,credit_card,"6851 Loretta Center Suite 276, Whitebury, WA 42388",pending,2026-09-24 01:17:15.387702,2026-09-24 01:17:15.387702
2184,769,2025-07-30 10:19:38.372977,271.89,credit_card,"70134 Lauren Forks Suite 504, Veronicatown, MN 66016",completed,2026-09-24 01:17:15.387702,2026-09-24 01:17:15.387702
2185,943,2025-07-30 11:36:10.372977,179.55,debit_card,"113 Benjamin Canyon Suite 899, North Melissaview, AS 34013",completed,2026-09-24 01:17:15.387702,2026-09-24 01:17:15.387702
2188,431,2025-07-30 14:25:37.372977,73.75,debit_card,"8189 Wanda Branch Suite 173, Richardbury, CT 53969",completed,2026-09-24 01:17:15.387702,2026-09-24 01:17:15.387702
2191,672,2025-07-30 20:46:14.372977,81.92,debit_card,"3720 Wilson Parkways, New Heather, GA 35382",completed,2026-09-24 01:17:15.387702,2026-09-24 01:17:15.387702
2199,822,2025-08-01 20:26:35.372977,91.79,paypal,"31393 Stevenson Unions, Heidiberg, VA 07412",completed,2026-09-24 01:17:15.387702,2026-09-24 01:17:15.387702
2207,901,2025-08-02 21:46:17.372977,74.22,credit_card,"37309 Arthur Bypass Suite 299, Port Jessicaton, KS 13600",completed,2026-09-24 01:17:15.387702,2026-09-24 01:17:15.387702
2211,523,2025-08-03 13:25:11.372977,190.15,paypal,"908 Turner Branch, North James, MI 29589",completed,2026-09-24 01:17:15.387702,2026-09-24 01:17:15.387702
2213,769,2025-08-03 17:49:15.372977,266.73,debit_card,"PSC 7665, Box 9053, APO AA 78540",completed,2026-09-24 01:17:15.387702,2026-09-24 01:17:15.387702
2216,434,2025-08-04 12:56:21.372977,68.32,debit_card,"50337 Melendez Ramp Apt. 306, Newmanborough, AK 53526",completed,2026-09-24 01:17:15.387702,2026-09-24 01:17:15.387702
2224,615,2025-08-05 20:20:45.372977,45.06,debit_card,"838 Peters Bypass Apt. 450, New Leslie, MO 59822",completed,2026-09-24 01:17:15.387702,2026-09-24 01:17:15.387702
2225,822,2025-08-05 21:06:57.372977,90.76,debit_card,"687 Mendoza Course, East Jennifer, NJ 56686",completed,2026-09-24 01:17:15.387702,2026-09-24 01:17:15.387702
2227,938,2025-08-06 13:09:16.372977,50.53,debit_card,"PSC 5175, Box 2047, APO AA 03542",completed,2026-09-24 01:17:15.387702,2026-09-24 01:17:15.387702
2230,763,2025-08-07 00:53:11.372977,177.66,credit_card,"81801 Ramirez Expressway, Lake Stephaniebury, CT 16628",cancelled,2026-09-24 01:17:15.387702,2026-09-24 01:17:15.387702
2231,615,2025-08-07 02:45:18.372977,68.48,credit_card,"73445 Elizabeth Road, Hendersonburgh, DE 26369",completed,2026-09-24 01:17:15.387702,2026-09-24 01:17:15.387702
2236,223,2025-08-07 20:01:04.372977,130.74,apple_pay,"8338 Romero Prairie, Kristinland, VA 80377",completed,2026-09-24 01:17:15.387702,2026-09-24 01:17:15.387702
2237,249,2025-08-07 21:27:54.372977,104.76,credit_card,"4001 Elizabeth Walk Suite 426, Lake Patriciamouth, OH 19972",completed,2026-09-24 01:17:15.387702,2026-09-24 01:17:15.387702
2241,431,2025-08-08 11:51:40.372977,146.86,credit_card,"8533 Kimberly Parks, West Spencermouth, MI 33985",completed,2026-09-24 01:17:15.387702,2026-09-24 01:17:15.387702
2245,464,2025-08-08 20:39:58.372977,157.08,paypal,"159 Joshua Fields, Bowmanberg, OR 14264",completed,2026-09-24 01:17:15.387702,2026-09-24 01:17:15.387702
2248,901,2025-08-09 10:14:56.372977,28.41,apple_pay,"630 Gonzalez Estates Apt. 575, Alyssafurt, IL 79107",completed,2026-09-24 01:17:15.387702,2026-09-24 01:17:15.387702
2258,523,2025-08-11 06:08:36.372977,73.0,credit_card,"2809 Jaime Way, Spencerhaven, IA 87430",completed,2026-09-24 01:17:15.387702,2026-09-24 01:17:15.387702
2259,314,2025-08-11 12:49:03.372977,136.5,credit_card,"036 Evelyn Drive Suite 237, Andrewport, IL 20690",pending,2026-09-24 01:17:15.387702,2026-09-24 01:17:15.387702
2267,283,2025-08-12 14:20:54.372977,99.48,paypal,"664 Ryan Way, Port Paige, CA 19440",completed,2026-09-24 01:17:15.387702,2026-09-24 01:17:15.387702
2268,881,2025-08-12 21:40:20.372977,175.71,paypal,"PSC 0278, Box 6348, APO AA 55446",completed,2026-09-24 01:17:15.387702,2026-09-24 01:17:15.387702
2270,869,2025-08-12 23:59:56.372977,40.82,paypal,"914 Gregory Club Apt. 724, Nicholaston, WI 45598",completed,2026-09-24 01:17:15.387702,2026-09-24 01:17:15.387702
2275,363,2025-08-14 11:50:58.372977,297.46,apple_pay,"PSC 1236, Box 0186, APO AE 75401",cancelled,2026-09-24 01:17:15.387702,2026-09-24 01:17:15.387702
2277,427,2025-08-14 20:59:01.372977,264.11,debit_card,"385 Graves Ranch, East Angelaview, AL 20638",completed,2026-09-24 01:17:15.387702,2026-09-24 01:17:15.387702
2278,544,2025-08-14 23:50:41.372977,118.37,paypal,"1553 Burke Islands, Leslieport, PR 77172",completed,2026-09-24 01:17:15.387702,2026-09-24 01:17:15.387702
2279,223,2025-08-15 05:13:46.372977,163.5,credit_card,"82888 Sandra Common, South Denise, OR 43373",completed,2026-09-24 01:17:15.387702,2026-09-24 01:17:15.387702
2280,464,2025-08-15 08:23:52.372977,195.11,credit_card,"Unit 8236 Box 0842, DPO AE 78247",processing,2026-09-24 01:17:15.387702,2026-09-24 01:17:15.387702
2283,427,2025-08-16 11:06:04.372977,189.38,apple_pay,"7244 Lane Walk, Port Lindseyburgh, OK 37022",completed,2026-09-24 01:17:15.387702,2026-09-24 01:17:15.387702
2284,825,2025-08-17 00:16:32.372977,61.59,debit_card,"3782 Bowman Islands Suite 583, Mistyland, LA 79644",completed,2026-09-24 01:17:15.387702,2026-09-24 01:17:15.387702
2285,434,2025-08-17 04:01:35.372977,119.54,credit_card,"718 Dyer Turnpike Suite 250, South Melissamouth, IA 56051",pending,2026-09-24 01:17:15.387702,2026-09-24 01:17:15.387702
2286,434,2025-08-17 11:59:48.372977,130.42,debit_card,"469 Jackson Corners Suite 244, New Jonathan, WA 59766",cancelled,2026-09-24 01:17:15.387702,2026-09-24 01:17:15.387702
2290,943,2025-08-17 14:05:58.372977,130.79,credit_card,"3447 Davenport Light, East Randy, UT 75064",completed,2026-09-24 01:17:15.387702,2026-09-24 01:17:15.387702
2291,453,2025-08-17 14:28:41.372977,548.21,paypal,"2853 Ruiz Tunnel, Mooreton, NE 53957",completed,2026-09-24 01:17:15.387702,2026-09-24 01:17:15.387702
2293,881,2025-08-17 18:11:47.372977,132.47,google_pay,"495 Oscar Isle, Lake Joycestad, MP 38936",completed,2026-09-24 01:17:15.387702,2026-09-24 01:17:15.387702
2295,464,2025-08-18 10:19:50.372977,120.45,debit_card,"695 Perkins Shore, Ariasland, MH 57765",completed,2026-09-24 01:17:15.387702,2026-09-24 01:17:15.387702
2297,453,2025-08-18 19:45:50.372977,460.59,debit_card,"419 William Ville, Port Tiffany, KY 42064",completed,2026-09-24 01:17:15.387702,2026-09-24 01:17:15.387702
2301,453,2025-08-19 10:30:17.372977,740.51,credit_card,"8551 Douglas Bypass Suite 115, Amyton, WI 41927",completed,2026-09-24 01:17:15.387702,2026-09-24 01:17:15.387702
2302,453,2025-08-19 10:58:46.372977,357.96,paypal,"73536 Moore Forges Suite 700, Christopherville, WI 73903",completed,2026-09-24 01:17:15.387702,2026-09-24 01:17:15.387702
2303,488,2025-08-19 12:09:57.372977,113.21,credit_card,"30970 Charlotte Prairie, West Steven, AR 83194",completed,2026-09-24 01:17:15.387702,2026-09-24 01:17:15.387702
2308,531,2025-08-19 20:57:21.372977,56.93,paypal,"282 Freeman Lane, Jamesshire, AS 73960",completed,2026-09-24 01:17:15.387702,2026-09-24 01:17:15.387702
2310,938,2025-08-20 09:41:31.372977,116.15,apple_pay,"10232 Natalie Estate Apt. 399, Lake Amber, FM 66991",completed,2026-09-24 01:17:15.387702,2026-09-24 01:17:15.387702
2317,881,2025-08-21 09:25:41.372977,90.6,credit_card,"477 Brittney Terrace Apt. 743, Michaelfurt, NY 42301",completed,2026-09-24 01:17:15.387702,2026-09-24 01:17:15.387702
2320,997,2025-08-21 19:13:21.372977,89.6,paypal,"7080 Williams Falls, Holmesstad, NV 35788",processing,2026-09-24 01:17:15.387702,2026-09-24 01:17:15.387702
2332,739,2025-08-23 04:39:42.372977,139.77,credit_card,"920 Alexander Spring, New Rachel, NJ 48273",processing,2026-09-24 01:17:15.387702,2026-09-24 01:17:15.387702
2335,279,2025-08-23 13:18:53.372977,355.83,credit_card,"8586 Hoover Glens Suite 302, Huntville, CA 60713",completed,2026-09-24 01:17:15.387702,2026-09-24 01:17:15.387702
2344,544,2025-08-24 19:37:04.372977,103.25,credit_card,"PSC 4426, Box 3333, APO AP 73652",completed,2026-09-24 01:17:15.387702,2026-09-24 01:17:15.387702
2348,739,2025-08-25 07:05:46.372977,150.66,credit_card,"2123 Anthony Tunnel Suite 789, Kristinville, MN 31188",completed,2026-09-24 01:17:15.387702,2026-09-24 01:17:15.387702
2350,427,2025-08-25 12:00:54.372977,359.66,debit_card,"857 Hernandez Lakes, North Peter, MH 22112",completed,2026-09-24 01:17:15.387702,2026-09-24 01:17:15.387702
2353,881,2025-08-25 14:12:52.372977,164.57,debit_card,"4985 Moss Plain, Mccormickside, FL 08645",completed,2026-09-24 01:17:15.387702,2026-09-24 01:17:15.387702
2358,901,2025-08-25 21:58:49.372977,136.18,debit_card,"952 Victor Camp Suite 718, West Alyssaside, VT 90746",completed,2026-09-24 01:17:15.387702,2026-09-24 01:17:15.387702
2359,628,2025-08-26 05:58:26.372977,168.3,paypal,"878 Dawn Neck Apt. 767, Langshire, NJ 27472",pending,2026-09-24 01:17:15.387702,2026-09-24 01:17:15.387702
2362,363,2025-08-26 20:12:02.372977,203.72,google_pay,"6069 Smith Lake Apt. 610, Palmerchester, MN 45870",cancelled,2026-09-24 01:17:15.387702,2026-09-24 01:17:15.387702
2384,453,2025-08-29 22:19:55.372977,184.72,credit_card,"30221 Jason Junction, Danielville, VI 55226",completed,2026-09-24 01:17:15.387702,2026-09-24 01:17:15.387702
2389,869,2025-08-30 21:08:50.372977,161.94,paypal,"63882 Alexander Stravenue Suite 925, East Danielhaven, OR 95900",completed,2026-09-24 01:17:15.387702,2026-09-24 01:17:15.387702
2392,544,2025-08-31 20:22:06.372977,121.27,debit_card,"PSC 9043, Box 6827, APO AA 53399",pending,2026-09-24 01:17:15.387702,2026-09-24 01:17:15.387702
2413,531,2025-09-03 00:50:46.372977,84.75,apple_pay,"2063 Simpson Shoals, Johnview, AZ 33658",cancelled,2026-09-24 01:17:15.387702,2026-09-24 01:17:15.387702
2417,769,2025-09-03 19:06:11.372977,372.21,credit_card,"7642 Edward Spur Suite 983, Waterston, NH 35559",completed,2026-09-24 01:17:15.387702,2026-09-24 01:17:15.387702
2424,901,2025-09-04 21:36:42.372977,62.46,credit_card,"95458 Jessica Plains, Jeffreybury, MA 66066",completed,2026-09-24 01:17:15.387702,2026-09-24 01:17:15.387702
2425,314,2025-09-05 10:48:28.372977,193.56,credit_card,"4135 Burton Well Suite 579, Walshtown, VA 60831",pending,2026-09-24 01:17:15.387702,2026-09-24 01:17:15.387702
2429,825,2025-09-05 19:18:22.372977,43.57,credit_card,"Unit 9875 Box 8402, DPO AA 77818",completed,2026-09-24 01:17:15.387702,2026-09-24 01:17:15.387702
2433,619,2025-09-06 20:09:18.372977,72.41,apple_pay,"143 Kathy Row, Whiteside, IA 48900",pending,2026-09-24 01:17:15.387702,2026-09-24 01:17:15.387702
2438,881,2025-09-06 22:30:34.372977,162.49,paypal,"1734 Fisher Vista, Port Ryanside, VA 75737",processing,2026-09-24 01:17:15.387702,2026-09-24 01:17:15.387702
2449,769,2025-09-07 21:28:12.372977,80.64,credit_card,"09514 Smith Field Suite 204, East Cynthiaport, AL 37696",completed,2026-09-24 01:17:15.387702,2026-09-24 01:17:15.387702
2450,363,2025-09-08 01:51:58.372977,190.06,paypal,"339 Smith Highway, West Rickey, IA 24662",completed,2026-09-24 01:17:15.387702,2026-09-24 01:17:15.387702
2457,72,2025-09-08 18:30:29.372977,39.8,credit_card,"18508 Derrick Circles Suite 340, Julianport, RI 67000",completed,2026-09-24 01:17:15.387702,2026-09-24 01:17:15.387702
2461,523,2025-09-08 21:52:09.372977,75.61,debit_card,"30084 Sandra Forge, West Rachelshire, VT 72552",completed,2026-09-24 01:17:15.387702,2026-09-24 01:17:15.387702
2471,664,2025-09-09 21:08:37.372977,109.73,credit_card,"174 Shelby Shores Suite 548, Danielton, CT 00640",completed,2026-09-24 01:17:15.387702,2026-09-24 01:17:15.387702
2473,938,2025-09-10 01:17:13.372977,64.2,paypal,"107 Penny Ridges, Simpsonburgh, LA 69600",completed,2026-09-24 01:17:15.387702,2026-09-24 01:17:15.387702
2491,249,2025-09-12 17:17:25.372977,138.82,apple_pay,"USCGC Sanchez, FPO AA 31782",cancelled,2026-09-24 01:17:15.387702,2026-09-24 01:17:15.387702
2498,619,2025-09-13 20:25:25.372977,171.5,paypal,"65647 Davis Corner, Zacharyberg, FM 96021",completed,2026-09-24 01:17:15.387702,2026-09-24 01:17:15.387702
2501,691,2025-09-14 19:28:54.372977,79.9,apple_pay,"83281 Melissa Underpass Apt. 724, Katrinaburgh, WI 76296",completed,2026-09-24 01:17:15.387702,2026-09-24 01:17:15.387702
2504,249,2025-09-15 13:28:46.372977,110.58,credit_card,"147 Parker Mountains Apt. 535, West Samuel, NC 96419",completed,2026-09-24 01:17:15.387702,2026-09-24 01:17:15.387702
2509,943,2025-09-16 03:11:58.372977,298.65,credit_card,"0833 Marshall Canyon, East Meredith, FM 25617",completed,2026-09-24 01:17:15.387702,2026-09-24 01:17:15.387702
2513,72,2025-09-17 18:42:37.372977,69.64,google_pay,"695 Deanna Lakes, West Emily, MT 78255",pending,2026-09-24 01:17:15.387702,2026-09-24 01:17:15.387702
2515,664,2025-09-17 22:19:28.372977,120.77,credit_card,"5085 Beard Glen Suite 553, Lake Brettton, KY 20604",completed,2026-09-24 01:17:15.387702,2026-09-24 01:17:15.387702
2516,943,2025-09-18 09:05:04.372977,181.47,debit_card,"8089 Brenda Fields, North Scott, MS 37873",completed,2026-09-24 01:17:15.387702,2026-09-24 01:17:15.387702
2517,544,2025-09-18 12:29:09.372977,86.53,paypal,"5727 April Cove, Wolfeside, ME 47875",completed,2026-09-24 01:17:15.387702,2026-09-24 01:17:15.387702
2518,822,2025-09-18 17:51:55.372977,123.8,paypal,"3027 Chavez River, Lake Williamview, WI 36481",completed,2026-09-24 01:17:15.387702,2026-09-24 01:17:15.387702
2519,357,2025-09-18 19:05:07.372977,146.93,debit_card,"USS Hernandez, FPO AP 76894",completed,2026-09-24 01:17:15.387702,2026-09-24 01:17:15.387702
2521,619,2025-09-18 20:40:47.372977,64.22,debit_card,"Unit 0739 Box 7130, DPO AP 59676",completed,2026-09-24 01:17:15.387702,2026-09-24 01:17:15.387702
2528,938,2025-09-19 17:51:49.372977,141.44,credit_card,"997 Jose Spring, New Brandon, KY 47733",completed,2026-09-24 01:17:15.387702,2026-09-24 01:17:15.387702
2530,869,2025-09-20 04:11:45.372977,163.51,credit_card,"54493 Brandy Mission, Lake Annaview, AK 54316",completed,2026-09-24 01:17:15.387702,2026-09-24 01:17:15.387702
2533,763,2025-09-20 10:38:01.372977,166.34,credit_card,"5676 Richards Spur Suite 378, Colonhaven, MI 44291",pending,2026-09-24 01:17:15.387702,2026-09-24 01:17:15.387702
2537,488,2025-09-21 12:08:47.372977,208.55,paypal,"3593 Eric Crest, Charleston, AK 79895",processing,2026-09-24 01:17:15.387702,2026-09-24 01:17:15.387702
2541,769,2025-09-21 14:04:16.372977,227.82,debit_card,"3164 Kylie Rest, Lake Jamesstad, MT 41195",completed,2026-09-24 01:17:15.387702,2026-09-24 01:17:15.387702
2560,427,2025-09-23 08:16:36.372977,331.41,credit_card,"USNV Thompson, FPO AP 13911",completed,2026-09-24 01:17:15.387702,2026-09-24 01:17:15.387702
2569,881,2025-09-24 10:48:29.372977,141.87,debit_card,"9403 Cruz Prairie, Heatherborough, IA 03557",processing,2026-09-24 01:17:15.387702,2026-09-24 01:17:15.387702
2578,831,2025-09-25 21:50:34.372977,207.27,google_pay,"727 Shawn Flat Apt. 688, Port Danielfurt, MP 36020",pending,2026-09-24 01:17:15.387702,2026-09-24 01:17:15.387702
2582,615,2025-09-26 20:39:26.372977,111.94,google_pay,"168 Nicole Park, East Pamelafort, TX 76596",completed,2026-09-24 01:17:15.387702,2026-09-24 01:17:15.387702
2592,249,2025-09-27 22:21:05.372977,73.64,paypal,"5822 Thomas Flats, South Victoriastad, PR 03133",completed,2026-09-24 01:17:15.387702,2026-09-24 01:17:15.387702
2593,279,2025-09-28 11:46:47.372977,302.64,credit_card,"2397 Dalton Parkways Apt. 107, Wyattton, MD 87810",completed,2026-09-24 01:17:15.387702,2026-09-24 01:17:15.387702
2601,441,2025-09-29 19:25:57.372977,95.04,credit_card,"1255 Harrison Prairie Apt. 523, Stephanieton, HI 90992",completed,2026-09-24 01:17:15.387702,2026-09-24 01:17:15.387702
2604,453,2025-09-29 21:31:37.372977,447.42,debit_card,"Unit 3501 Box 0380, DPO AE 52846",completed,2026-09-24 01:17:15.387702,2026-09-24 01:17:15.387702
2605,979,2025-09-30 10:52:15.372977,181.95,paypal,"307 Cervantes Dam Apt. 542, Johnsonview, KY 17010",cancelled,2026-09-24 01:17:15.387702,2026-09-24 01:17:15.387702
2613,453,2025-10-01 12:08:07.372977,701.59,debit_card,"9965 Cole Throughway, Lake Tyler, MT 87794",completed,2026-09-24 01:17:15.387702,2026-09-24 01:17:15.387702
2615,72,2025-10-01 12:44:58.372977,106.47,paypal,"0659 Joshua Cape, Brendanberg, OR 12846",processing,2026-09-24 01:17:15.387702,2026-09-24 01:17:15.387702
2616,246,2025-10-01 12:59:32.372977,140.68,debit_card,"7117 Flores Prairie Suite 245, Lake Natashaside, NH 88397",pending,2026-09-24 01:17:15.387702,2026-09-24 01:17:15.387702
2623,464,2025-10-02 13:18:17.372977,82.62,credit_card,"733 Morgan Station, Hicksbury, RI 63790",completed,2026-09-24 01:17:15.387702,2026-09-24 01:17:15.387702
2627,357,2025-10-03 12:57:49.372977,134.34,apple_pay,"9096 Madison Mountains, Parrishshire, FM 64330",completed,2026-09-24 01:17:15.387702,2026-09-24 01:17:15.387702
2631,427,2025-10-03 19:36:02.372977,282.85,apple_pay,"2712 Juan Heights Apt. 827, Patrickhaven, DE 56077",completed,2026-09-24 01:17:15.387702,2026-09-24 01:17:15.387702
2642,580,2025-10-05 06:20:24.372977,95.0,credit_card,"67233 Erin Overpass Suite 150, North Charlesbury, RI 14429",completed,2026-09-24 01:17:15.387702,2026-09-24 01:17:15.387702
2646,523,2025-10-05 20:34:47.372977,136.54,paypal,"0361 Pittman Inlet Suite 070, Shaneberg, WV 55760",cancelled,2026-09-24 01:17:15.387702,2026-09-24 01:17:15.387702
2648,488,2025-10-06 02:17:56.372977,89.57,apple_pay,"6322 Washington Cliffs Apt. 178, Danielstad, PA 93748",completed,2026-09-24 01:17:15.387702,2026-09-24 01:17:15.387702
2650,249,2025-10-06 04:06:32.372977,119.65,credit_card,"96885 Jose Curve Apt. 903, Austinmouth, PW 89228",completed,2026-09-24 01:17:15.387702,2026-09-24 01:17:15.387702
2651,334,2025-10-06 04:46:17.372977,51.52,debit_card,"386 Schmidt Plains, South Dean, OR 54851",processing,2026-09-24 01:17:15.387702,2026-09-24 01:17:15.387702
2654,334,2025-10-06 11:45:56.372977,127.88,paypal,"52019 Bryan Light, Ronaldshire, DE 19991",completed,2026-09-24 01:17:15.387702,2026-09-24 01:17:15.387702
2659,223,2025-10-07 10:25:54.372977,133.06,credit_card,"213 Barber Fall, North Lisa, CA 14111",completed,2026-09-24 01:17:15.387702,2026-09-24 01:17:15.387702
2660,664,2025-10-07 12:08:56.372977,40.69,debit_card,"96399 Washington Fields Suite 881, Randyside, FL 34588",completed,2026-09-24 01:17:15.387702,2026-09-24 01:17:15.387702
2662,979,2025-10-07 20:24:53.372977,161.77,debit_card,"6569 Robert Vista, Anthonyburgh, MT 19836",completed,2026-09-24 01:17:15.387702,2026-09-24 01:17:15.387702
2678,672,2025-10-08 22:17:36.372977,154.43,credit_card,"789 Simpson Knolls Apt. 600, Marthamouth, WV 40322",processing,2026-09-24 01:17:15.387702,2026-09-24 01:17:15.387702
2680,283,2025-10-09 11:35:05.372977,156.85,apple_pay,"3421 Mitchell Pass Apt. 545, Robertshaven, NC 93846",completed,2026-09-24 01:17:15.387702,2026-09-24 01:17:15.387702
2682,664,2025-10-09 20:34:09.372977,91.31,debit_card,"46162 Emily Passage Suite 396, Rogerside, MP 99937",completed,2026-09-24 01:17:15.387702,2026-09-24 01:17:15.387702
2683,825,2025-10-09 22:14:15.372977,21.31,apple_pay,"974 Phillip Wells, Christineton, NJ 00696",pending,2026-09-24 01:17:15.387702,2026-09-24 01:17:15.387702
2689,72,2025-10-10 12:25:17.372977,78.59,debit_card,"Unit 7924 Box 1571, DPO AE 84512",cancelled,2026-09-24 01:17:15.387702,2026-09-24 01:17:15.387702
2693,246,2025-10-10 19:22:11.372977,77.89,debit_card,"8992 Sydney Lake Suite 520, North Erinville, SC 92168",processing,2026-09-24 01:17:15.387702,2026-09-24 01:17:15.387702
2695,580,2025-10-11 03:52:56.372977,113.89,apple_pay,"8914 David Radial, Stuartbury, CO 42448",completed,2026-09-24 01:17:15.387702,2026-09-24 01:17:15.387702
2700,997,2025-10-11 14:03:06.372977,114.0,debit_card,"3428 Desiree Greens, South Amber, WA 90444",cancelled,2026-09-24 01:17:15.387702,2026-09-24 01:17:15.387702
2703,997,2025-10-11 17:53:57.372977,110.57,debit_card,"50481 Stephens Fort Suite 831, Brittanyview, RI 83926",completed,2026-09-24 01:17:15.387702,2026-09-24 01:17:15.387702
2704,544,2025-10-11 22:22:52.372977,136.12,paypal,"581 Margaret Center, West Patrickberg, ID 98220",completed,2026-09-24 01:17:15.387702,2026-09-24 01:17:15.387702
2706,822,2025-10-12 14:10:53.372977,46.21,debit_card,"03630 Bennett Isle Suite 250, Austinland, DC 28584",completed,2026-09-24 01:17:15.387702,2026-09-24 01:17:15.387702
2712,881,2025-10-13 10:11:52.372977,198.38,credit_card,"58009 Delacruz Circles Suite 086, East Ian, ME 28746",completed,2026-09-24 01:17:15.387702,2026-09-24 01:17:15.387702
2716,72,2025-10-13 17:09:32.372977,138.12,debit_card,"471 Alvarez Islands, Snowtown, ND 06585",completed,2026-09-24 01:17:15.387702,2026-09-24 01:17:15.387702
2730,464,2025-10-15 20:59:15.372977,99.94,credit_card,"048 Foster Stream, Lake Scottberg, MT 41073",completed,2026-09-24 01:17:15.387702,2026-09-24 01:17:15.387702
2743,531,2025-10-18 11:12:35.372977,94.21,credit_card,"3099 Wendy Row Suite 913, West Lorimouth, ID 93494",completed,2026-09-24 01:17:15.387702,2026-09-24 01:17:15.387702
2749,822,2025-10-19 11:42:44.372977,108.44,debit_card,"4959 Cameron Street Apt. 273, South Jennaport, TX 95905",completed,2026-09-24 01:17:15.387702,2026-09-24 01:17:15.387702
2751,691,2025-10-19 12:29:38.372977,120.81,google_pay,"6611 Mahoney Locks Apt. 609, Parkerton, MN 58006",completed,2026-09-24 01:17:15.387702,2026-09-24 01:17:15.387702
2752,72,2025-10-19 12:44:58.372977,146.96,debit_card,"396 Logan Ports, South Monicatown, SD 94117",completed,2026-09-24 01:17:15.387702,2026-09-24 01:17:15.387702
2765,672,2025-10-21 20:52:04.372977,59.4,debit_card,"5086 Maria Divide Suite 769, Lauraborough, DE 14755",processing,2026-09-24 01:17:15.387702,2026-09-24 01:17:15.387702
2788,464,2025-10-25 11:33:12.372977,116.17,credit_card,"4419 Tina Lake Suite 928, South Lindsey, WA 79759",returned,2026-09-24 01:17:15.387702,2026-09-24 01:17:15.387702
2798,672,2025-10-26 19:25:45.372977,167.07,credit_card,"5351 William Green, Robertshire, IL 29471",processing,2026-09-24 01:17:15.387702,2026-09-24 01:17:15.387702
2803,615,2025-10-27 00:00:32.372977,117.07,paypal,"PSC 8444, Box 6117, APO AP 96153",processing,2026-09-24 01:17:15.387702,2026-09-24 01:17:15.387702
2805,434,2025-10-27 12:51:33.372977,147.11,credit_card,"9753 Kristen Stravenue Apt. 545, South Kerrybury, UT 84517",completed,2026-09-24 01:17:15.387702,2026-09-24 01:17:15.387702
2819,488,2025-10-29 13:17:21.372977,143.28,debit_card,"30946 David Squares, Fieldschester, MP 13303",completed,2026-09-24 01:17:15.387702,2026-09-24 01:17:15.387702
2837,431,2025-11-01 13:51:44.372977,126.77,debit_card,"5349 Kelly Island Apt. 564, New Richardhaven, PA 56438",completed,2026-09-24 01:17:15.387702,2026-09-24 01:17:15.387702
2840,314,2025-11-01 21:20:10.372977,58.92,apple_pay,"4211 Carr Ranch, New Earlfurt, MD 88504",completed,2026-09-24 01:17:15.387702,2026-09-24 01:17:15.387702
2843,488,2025-11-02 01:47:07.372977,119.0,credit_card,"8980 Anthony Roads Suite 285, Stephanieborough, AZ 41659",completed,2026-09-24 01:17:15.387702,2026-09-24 01:17:15.387702
2854,72,2025-11-03 20:54:10.372977,99.32,credit_card,"5056 William Harbor, Lake Alexander, GA 62211",cancelled,2026-09-24 01:17:15.387702,2026-09-24 01:17:15.387702
2855,531,2025-11-04 20:12:25.372977,92.6,credit_card,"7998 Jose Ville, West Tanner, LA 69627",returned,2026-09-24 01:17:15.387702,2026-09-24 01:17:15.387702
2857,283,2025-11-05 11:19:29.372977,163.82,debit_card,"49457 Joseph Greens, South Russellside, VT 24600",processing,2026-09-24 01:17:15.387702,2026-09-24 01:17:15.387702
2858,672,2025-11-05 13:57:42.372977,82.4,debit_card,"044 Brenda Extensions, West Susan, IA 27539",completed,2026-09-24 01:17:15.387702,2026-09-24 01:17:15.387702
2859,453,2025-11-05 14:41:00.372977,427.06,paypal,"132 Tina Manors Apt. 474, Tylerbury, AL 79810",processing,2026-09-24 01:17:15.387702,2026-09-24 01:17:15.387702
2860,283,2025-11-05 19:00:10.372977,170.62,credit_card,"402 Sarah Meadow, East Christopher, NM 82120",completed,2026-09-24 01:17:15.387702,2026-09-24 01:17:15.387702
2862,246,2025-11-05 20:20:16.372977,49.74,apple_pay,"776 Miller Mountains, Schultzmouth, UT 25007",completed,2026-09-24 01:17:15.387702,2026-09-24 01:17:15.387702
2866,628,2025-11-06 12:05:09.372977,169.52,credit_card,"9927 Craig Spring, Hortonfurt, MI 60263",completed,2026-09-24 01:17:15.387702,2026-09-24 01:17:15.387702
2870,901,2025-11-07 13:25:03.372977,50.91,paypal,"USCGC Blevins, FPO AE 80511",completed,2026-09-24 01:17:15.387702,2026-09-24 01:17:15.387702
2871,628,2025-11-07 14:47:21.372977,164.03,debit_card,"USCGC Smith, FPO AE 63643",completed,2026-09-24 01:17:15.387702,2026-09-24 01:17:15.387702
2872,246,2025-11-07 15:13:46.372977,52.35,credit_card,"47823 Sean Street, Lake Brian, OK 92083",completed,2026-09-24 01:17:15.387702,2026-09-24 01:17:15.387702
2874,763,2025-11-07 19:26:12.372977,71.2,credit_card,"796 Patricia Brooks, Wendymouth, WV 37144",completed,2026-09-24 01:17:15.387702,2026-09-24 01:17:15.387702
2877,739,2025-11-08 10:27:29.372977,87.76,debit_card,"USCGC Aguirre, FPO AA 78791",completed,2026-09-24 01:17:15.387702,2026-09-24 01:17:15.387702
2878,619,2025-11-08 13:44:08.372977,97.3,credit_card,"548 Maynard Streets Apt. 964, Wilsonfurt, OK 80439",processing,2026-09-24 01:17:15.387702,2026-09-24 01:17:15.387702
2883,464,2025-11-09 09:10:11.372977,108.02,debit_card,"4712 Benjamin Fort Apt. 680, South Latoyaburgh, KY 18984",completed,2026-09-24 01:17:15.387702,2026-09-24 01:17:15.387702
2885,763,2025-11-09 10:19:15.372977,188.18,credit_card,"3630 Michael Run, South Sally, ID 61859",completed,2026-09-24 01:17:15.387702,2026-09-24 01:17:15.387702
2901,431,2025-11-11 16:16:11.372977,72.93,credit_card,"12040 Mitchell Mill Suite 661, North Holly, AS 49518",completed,2026-09-24 01:17:15.387702,2026-09-24 01:17:15.387702
2902,431,2025-11-11 20:02:19.372977,139.45,debit_card,"PSC 0281, Box 0607, APO AA 30964",completed,2026-09-24 01:17:15.387702,2026-09-24 01:17:15.387702
2916,869,2025-11-14 12:38:01.372977,93.4,credit_card,"36675 Cynthia Falls, Hallfort, NH 78534",completed,2026-09-24 01:17:15.387702,2026-09-24 01:17:15.387702
2923,531,2025-11-14 21:56:34.372977,152.24,paypal,"487 Allison Union, New Cheryl, SC 61693",completed,2026-09-24 01:17:15.387702,2026-09-24 01:17:15.387702
2942,279,2025-11-17 00:58:15.372977,174.4,debit_card,"1011 Brandon Common, Burnettmouth, KS 92286",completed,2026-09-24 01:17:15.387702,2026-09-24 01:17:15.387702
2944,357,2025-11-17 14:10:20.372977,161.1,paypal,"076 Steven Gateway, West Matthew, ND 21160",completed,2026-09-24 01:17:15.387702,2026-09-24 01:17:15.387702
2946,825,2025-11-17 18:24:27.372977,113.17,apple_pay,"PSC 3412, Box 7083, APO AA 46871",completed,2026-09-24 01:17:15.387702,2026-09-24 01:17:15.387702
2949,615,2025-11-18 10:01:55.372977,64.89,credit_card,"46872 Wilson Park, South Alexis, DE 49638",completed,2026-09-24 01:17:15.387702,2026-09-24 01:17:15.387702
2951,434,2025-11-18 14:46:50.372977,111.05,credit_card,"Unit 7435 Box 8569, DPO AE 17208",completed,2026-09-24 01:17:15.387702,2026-09-24 01:17:15.387702
2957,997,2025-11-19 12:41:54.372977,121.66,credit_card,"0839 Margaret Drives Suite 303, South Williambury, SC 65641",processing,2026-09-24 01:17:15.387702,2026-09-24 01:17:15.387702
2959,441,2025-11-19 20:27:02.372977,63.87,credit_card,"USNV Zavala, FPO AP 92287",completed,2026-09-24 01:17:15.387702,2026-09-24 01:17:15.387702
2960,979,2025-11-19 21:50:16.372977,176.98,paypal,"5401 Thompson Haven, New Michael, TX 48549",cancelled,2026-09-24 01:17:15.387702,2026-09-24 01:17:15.387702
2966,72,2025-11-20 20:15:42.372977,77.22,debit_card,"5051 Acevedo Spur Apt. 674, Annaburgh, IL 37736",completed,2026-09-24 01:17:15.387702,2026-09-24 01:17:15.387702
2968,357,2025-11-20 22:21:45.372977,107.58,apple_pay,"589 Margaret Cove, Port Michelle, FM 02070",completed,2026-09-24 01:17:15.387702,2026-09-24 01:17:15.387702
2979,357,2025-11-22 10:38:16.372977,138.41,apple_pay,"11540 James Junctions Suite 900, Williamsmouth, IL 02699",completed,2026-09-24 01:17:15.387702,2026-09-24 01:17:15.387702
2984,831,2025-11-22 18:37:53.372977,87.49,debit_card,"Unit 4532 Box 4421, DPO AA 52812",completed,2026-09-24 01:17:15.387702,2026-09-24 01:17:15.387702
2985,441,2025-11-22 19:00:57.372977,138.18,credit_card,"00260 Alexander Expressway Apt. 434, Hubershire, TN 50656",completed,2026-09-24 01:17:15.387702,2026-09-24 01:17:15.387702
2986,283,2025-11-22 19:18:48.372977,43.79,paypal,"505 Martinez Court Apt. 968, Millerchester, WY 87043",completed,2026-09-24 01:17:15.387702,2026-09-24 01:17:15.387702
2987,72,2025-11-22 21:54:08.372977,57.85,credit_card,"38147 Meza Center, Aaronfurt, VI 92136",completed,2026-09-24 01:17:15.387702,2026-09-24 01:17:15.387702
2988,691,2025-11-22 22:37:49.372977,94.97,credit_card,"0376 Jay Estates, Elijahville, NE 76563",pending,2026-09-24 01:17:15.387702,2026-09-24 01:17:15.387702
2991,822,2025-11-23 12:04:00.372977,38.14,credit_card,"522 Curtis Common Apt. 341, Natalieville, DC 54870",completed,2026-09-24 01:17:15.387702,2026-09-24 01:17:15.387702
2992,869,2025-11-23 21:18:10.372977,168.91,google_pay,"6220 Jose Pike, East John, KY 08321",completed,2026-09-24 01:17:15.387702,2026-09-24 01:17:15.387702
2994,831,2025-11-23 21:47:37.372977,270.67,debit_card,"280 Kenneth Crest Suite 050, Gilbertchester, CT 96289",completed,2026-09-24 01:17:15.387702,2026-09-24 01:17:15.387702
3002,279,2025-11-24 22:45:48.372977,219.09,paypal,"72051 Carrie Knolls Suite 149, Port Ronaldville, SD 96318",completed,2026-09-24 01:17:15.387702,2026-09-24 01:17:15.387702
3022,488,2025-11-27 15:00:30.372977,141.89,credit_card,"529 Joseph Gateway Suite 650, Duncanberg, NH 87085",completed,2026-09-24 01:17:15.387702,2026-09-24 01:17:15.387702
3024,434,2025-11-27 21:38:06.372977,43.06,apple_pay,"315 Peterson Canyon, Scottton, MI 17144",completed,2026-09-24 01:17:15.387702,2026-09-24 01:17:15.387702
3030,531,2025-11-29 04:45:53.372977,158.85,credit_card,"PSC 2692, Box 5232, APO AE 79409",processing,2026-09-24 01:17:15.387702,2026-09-24 01:17:15.387702
3034,691,2025-11-29 19:31:07.372977,40.02,credit_card,"1110 Reed Stravenue Suite 942, Lake John, KY 14171",completed,2026-09-24 01:17:15.387702,2026-09-24 01:17:15.387702
3035,453,2025-11-29 21:02:22.372977,308.79,debit_card,"09907 Kristin Stream, Hillmouth, AL 31447",cancelled,2026-09-24 01:17:15.387702,2026-09-24 01:17:15.387702
3036,672,2025-11-29 21:17:33.372977,108.92,debit_card,"002 Rodriguez Pines Apt. 816, East Karenbury, IA 34853",completed,2026-09-24 01:17:15.387702,2026-09-24 01:17:15.387702
3042,619,2025-11-30 19:39:56.372977,96.17,google_pay,"3843 Kelsey Roads Suite 567, Franklinmouth, RI 21931",completed,2026-09-24 01:17:15.387702,2026-09-24 01:17:15.387702
3043,523,2025-11-30 19:45:55.372977,184.33,credit_card,"583 Jose Bridge, South Diana, OK 03594",cancelled,2026-09-24 01:17:15.387702,2026-09-24 01:17:15.387702
3051,431,2025-12-02 14:28:24.372977,66.19,credit_card,"70542 Roberson Course, New Reginaburgh, MS 10474",completed,2026-09-24 01:17:15.387702,2026-09-24 01:17:15.387702
3059,314,2025-12-03 12:18:49.372977,171.07,debit_card,"PSC 4966, Box 5294, APO AP 26502",completed,2026-09-24 01:17:15.387702,2026-09-24 01:17:15.387702
3062,769,2025-12-03 19:12:18.372977,169.35,credit_card,"USS Scott, FPO AE 10059",completed,2026-09-24 01:17:15.387702,2026-09-24 01:17:15.387702
3066,901,2025-12-04 05:32:21.372977,146.53,paypal,"55590 Hale Expressway Suite 879, East Sandrashire, CT 90691",completed,2026-09-24 01:17:15.387702,2026-09-24 01:17:15.387702
3070,453,2025-12-04 19:38:16.372977,472.51,credit_card,"35011 Joseph Rest, Weavershire, MD 04047",completed,2026-09-24 01:17:15.387702,2026-09-24 01:17:15.387702
3072,664,2025-12-05 14:07:28.372977,58.88,debit_card,"251 George Isle Suite 679, North Donnamouth, WI 22769",processing,2026-09-24 01:17:15.387702,2026-09-24 01:17:15.387702
3073,314,2025-12-05 14:19:43.372977,190.74,debit_card,"88885 James Overpass Apt. 193, West Michelleside, WY 02735",processing,2026-09-24 01:17:15.387702,2026-09-24 01:17:15.387702
3078,488,2025-12-06 16:18:08.372977,347.3,google_pay,"431 Sylvia Mews, New Scotttown, WA 56961",pending,2026-09-24 01:17:15.387702,2026-09-24 01:17:15.387702
3083,769,2025-12-07 10:48:22.372977,314.92,credit_card,"PSC 6902, Box 0510, APO AP 83235",processing,2026-09-24 01:17:15.387702,2026-09-24 01:17:15.387702
3094,431,2025-12-08 22:05:59.372977,94.58,credit_card,"7843 Ronald Glens, Robertbury, CA 08609",completed,2026-09-24 01:17:15.387702,2026-09-24 01:17:15.387702
3103,334,2025-12-10 06:55:27.372977,189.48,credit_card,"952 Shaw Center, Port Michellechester, ID 11697",completed,2026-09-24 01:17:15.387702,2026-09-24 01:17:15.387702
3106,279,2025-12-10 11:25:09.372977,122.3,credit_card,"PSC 4617, Box 5808, APO AE 28909",completed,2026-09-24 01:17:15.387702,2026-09-24 01:17:15.387702
3112,943,2025-12-10 21:29:01.372977,109.52,paypal,"3849 Moore Mission, Johnchester, OH 95170",completed,2026-09-24 01:17:15.387702,2026-09-24 01:17:15.387702
3125,615,2025-12-12 12:57:30.372977,54.99,credit_card,"0557 Hardy Tunnel Apt. 743, East Elizabethborough, ME 84483",completed,2026-09-24 01:17:15.387702,2026-09-24 01:17:15.387702
3131,628,2025-12-13 11:12:45.372977,55.86,credit_card,"Unit 6517 Box 5866, DPO AA 24509",processing,2026-09-24 01:17:15.387702,2026-09-24 01:17:15.387702
3132,453,2025-12-13 12:31:01.372977,469.31,credit_card,"52725 Nichols Flat, Mckaymouth, PW 37252",completed,2026-09-24 01:17:15.387702,2026-09-24 01:17:15.387702
3134,441,2025-12-13 16:20:01.372977,134.78,google_pay,"84538 Katherine Track, Lake Ryanton, PR 35826",completed,2026-09-24 01:17:15.387702,2026-09-24 01:17:15.387702
3140,979,2025-12-14 13:58:47.372977,143.9,debit_card,"USNV Costa, FPO AP 97866",completed,2026-09-24 01:17:15.387702,2026-09-24 01:17:15.387702
3142,822,2025-12-14 21:16:46.372977,24.85,debit_card,"51031 Farrell Burg Suite 033, Port Stacyview, MT 63946",pending,2026-09-24 01:17:15.387702,2026-09-24 01:17:15.387702
3144,943,2025-12-15 11:40:44.372977,379.52,credit_card,"USS White, FPO AP 28125",completed,2026-09-24 01:17:15.387702,2026-09-24 01:17:15.387702
3148,363,2025-12-15 19:38:57.372977,225.32,credit_card,"94856 Paul Lodge Suite 313, Goodmanhaven, MO 32881",completed,2026-09-24 01:17:15.387702,2026-09-24 01:17:15.387702
3152,938,2025-12-15 21:35:52.372977,39.94,paypal,"6806 Patrick Locks, East Danielfort, MP 41271",completed,2026-09-24 01:17:15.387702,2026-09-24 01:17:15.387702
3160,279,2025-12-17 08:22:47.372977,218.87,credit_card,"4943 Sexton Expressway Suite 056, West Suzannestad, ID 33440",processing,2026-09-24 01:17:15.387702,2026-09-24 01:17:15.387702
3162,523,2025-12-17 10:59:09.372977,42.6,credit_card,"84487 Michael Ports, New Melindaport, AR 75108",completed,2026-09-24 01:17:15.387702,2026-09-24 01:17:15.387702
3165,901,2025-12-17 13:15:39.372977,141.3,credit_card,"108 David Canyon, New Tracy, ID 95757",completed,2026-09-24 01:17:15.387702,2026-09-24 01:17:15.387702
3169,869,2025-12-18 00:02:22.372977,116.83,paypal,"164 Olson Ville, South Michael, SD 23986",completed,2026-09-24 01:17:15.387702,2026-09-24 01:17:15.387702
3173,223,2025-12-18 13:22:25.372977,184.49,credit_card,"PSC 7353, Box 3270, APO AE 66652",completed,2026-09-24 01:17:15.387702,2026-09-24 01:17:15.387702
3174,431,2025-12-18 19:09:47.372977,124.68,credit_card,"583 Ricky Green, Port Ronald, WV 68119",completed,2026-09-24 01:17:15.387702,2026-09-24 01:17:15.387702
3176,822,2025-12-18 19:30:18.372977,89.24,debit_card,"244 Hunter Knolls, Adamstad, AS 57591",completed,2026-09-24 01:17:15.387702,2026-09-24 01:17:15.387702
3177,441,2025-12-18 19:31:46.372977,146.53,paypal,"7884 Scott Valleys Suite 657, Elliston, NE 11827",completed,2026-09-24 01:17:15.387702,2026-09-24 01:17:15.387702
3185,979,2025-12-20 11:55:10.372977,62.12,paypal,"82541 Owen Plains, Lake Emily, AZ 52675",completed,2026-09-24 01:17:15.387702,2026-09-24 01:17:15.387702
3187,997,2025-12-20 12:15:36.372977,110.59,credit_card,"4100 Corey Prairie Suite 213, East Amanda, DE 53200",completed,2026-09-24 01:17:15.387702,2026-09-24 01:17:15.387702
3189,979,2025-12-20 19:08:07.372977,195.47,debit_card,"7020 Stuart Club Suite 378, Jacobstad, MI 89949",completed,2026-09-24 01:17:15.387702,2026-09-24 01:17:15.387702
3194,763,2025-12-21 20:20:17.372977,156.61,debit_card,"4355 Kristi Lock, New Erik, HI 46423",completed,2026-09-24 01:17:15.387702,2026-09-24 01:17:15.387702
3195,544,2025-12-21 21:56:29.372977,77.07,credit_card,"40847 Howard Drives, Port Emmafurt, HI 24673",completed,2026-09-24 01:17:15.387702,2026-09-24 01:17:15.387702
3199,691,2025-12-22 09:00:24.372977,72.37,paypal,"45646 Robinson Orchard Apt. 801, Lake Samantha, MS 27678",completed,2026-09-24 01:17:15.387702,2026-09-24 01:17:15.387702
3202,825,2025-12-22 18:36:49.372977,123.58,credit_card,"7098 Jordan Valleys Suite 168, North James, OH 48692",completed,2026-09-24 01:17:15.387702,2026-09-24 01:17:15.387702
3206,434,2025-12-22 20:44:11.372977,73.72,credit_card,"5264 Diaz Mountains Apt. 313, Danielville, SD 57539",returned,2026-09-24 01:17:15.387702,2026-09-24 01:17:15.387702
3209,672,2025-12-23 10:58:57.372977,78.33,paypal,"8617 Christopher Manors Suite 796, New Nicole, HI 37292",completed,2026-09-24 01:17:15.387702,2026-09-24 01:17:15.387702
3238,246,2025-12-28 19:37:06.372977,45.84,paypal,"4862 Diaz Lakes, South Steven, IN 74225",completed,2026-09-24 01:17:15.387702,2026-09-24 01:17:15.387702
3239,363,2025-12-29 09:38:27.372977,247.17,credit_card,"520 Bennett Gardens, Travismouth, KS 14251",completed,2026-09-24 01:17:15.387702,2026-09-24 01:17:15.387702
3248,580,2025-12-30 11:48:31.372977,136.5,credit_card,"56638 Rebecca Expressway, South Alan, MO 89445",processing,2026-09-24 01:17:15.387702,2026-09-24 01:17:15.387702
3250,580,2025-12-30 18:59:31.372977,55.3,debit_card,"4288 Dickson Views, North Stephanie, WV 56687",completed,2026-09-24 01:17:15.387702,2026-09-24 01:17:15.387702
3251,246,2025-12-30 19:19:05.372977,67.43,paypal,"834 Wheeler Spring, Vasquezport, ND 58206",completed,2026-09-24 01:17:15.387702,2026-09-24 01:17:15.387702
3252,825,2025-12-30 21:19:13.372977,88.26,credit_card,"04093 Russell Spurs, Sheltonport, SC 09519",completed,2026-09-24 01:17:15.387702,2026-09-24 01:17:15.387702
3253,979,2025-12-30 21:29:00.372977,188.2,paypal,"975 Debra Cliff Suite 463, New Jose, MD 37714",completed,2026-09-24 01:17:15.387702,2026-09-24 01:17:15.387702
3255,769,2025-12-31 13:15:47.372977,362.23,apple_pay,"282 Trevino Ville Apt. 420, Daviston, CO 98437",pending,2026-09-24 01:17:15.387702,2026-09-24 01:17:15.387702
3257,453,2025-12-31 13:37:08.372977,791.9,paypal,"PSC 4010, Box 6764, APO AP 87963",pending,2026-09-24 01:17:15.387702,2026-09-24 01:17:15.387702
3263,739,2026-01-01 00:07:26.372977,82.14,debit_card,"94849 Lopez Walk, Joymouth, NH 63449",cancelled,2026-09-24 01:17:15.387702,2026-09-24 01:17:15.387702
3268,664,2026-01-02 14:29:50.372977,50.73,paypal,"431 Jeffrey Squares Apt. 963, Mendozaton, WI 87901",pending,2026-09-24 01:17:15.387702,2026-09-24 01:17:15.387702
3269,822,2026-01-02 15:50:50.372977,65.11,credit_card,"887 Joseph Glen Suite 039, Christopherchester, RI 93205",completed,2026-09-24 01:17:15.387702,2026-09-24 01:17:15.387702
3274,279,2026-01-04 00:24:51.372977,214.4,google_pay,"27383 Elizabeth Pike, South Franciscobury, MD 62121",completed,2026-09-24 01:17:15.387702,2026-09-24 01:17:15.387702
3280,523,2026-01-04 16:14:25.372977,128.96,apple_pay,"4725 Sanchez Viaduct Suite 555, Smithmouth, OR 99343",pending,2026-09-24 01:17:15.387702,2026-09-24 01:17:15.387702
3282,943,2026-01-04 21:14:17.372977,116.31,debit_card,"963 Hopkins Ways Suite 060, West Theodore, OR 17814",completed,2026-09-24 01:17:15.387702,2026-09-24 01:17:15.387702
3286,822,2026-01-06 01:14:41.372977,99.43,credit_card,"194 Ryan Isle Suite 859, Port Brianmouth, PW 01042",completed,2026-09-24 01:17:15.387702,2026-09-24 01:17:15.387702
3295,441,2026-01-06 22:39:49.372977,49.87,debit_card,"145 Patricia Valleys, Smithside, OR 20966",completed,2026-09-24 01:17:15.387702,2026-09-24 01:17:15.387702
3299,997,2026-01-07 22:21:01.372977,138.82,credit_card,"6541 Frederick Walk, West Donald, GA 87371",processing,2026-09-24 01:17:15.387702,2026-09-24 01:17:15.387702
3312,453,2026-01-09 22:54:26.372977,656.29,paypal,"09470 Scott Green, Glennstad, NY 93392",completed,2026-09-24 01:17:15.387702,2026-09-24 01:17:15.387702
3318,831,2026-01-11 02:40:14.372977,261.39,apple_pay,"3843 Kellie Mountains, Riverafurt, NY 94344",completed,2026-09-24 01:17:15.387702,2026-09-24 01:17:15.387702
3319,249,2026-01-11 04:40:05.372977,143.87,credit_card,"31355 Choi Motorway Suite 207, Lake Erin, TX 30912",completed,2026-09-24 01:17:15.387702,2026-09-24 01:17:15.387702
3324,979,2026-01-11 20:15:48.372977,175.52,paypal,"346 Zimmerman Junction Suite 015, Sandraberg, TN 82842",completed,2026-09-24 01:17:15.387702,2026-09-24 01:17:15.387702
3343,334,2026-01-14 06:03:42.372977,47.64,credit_card,"09935 Rachel Cliffs Apt. 098, Benitezstad, MA 41423",completed,2026-09-24 01:17:15.387702,2026-09-24 01:17:15.387702
3347,357,2026-01-14 13:34:57.372977,170.93,credit_card,"46689 Sandoval Glens, Port Jasonton, KS 30330",completed,2026-09-24 01:17:15.387702,2026-09-24 01:17:15.387702
3348,580,2026-01-14 16:12:57.372977,36.02,credit_card,"8100 James Route, Jasonshire, ID 15004",pending,2026-09-24 01:17:15.387702,2026-09-24 01:17:15.387702
3357,763,2026-01-16 10:47:08.372977,162.02,debit_card,"2267 Williams Shores, North Leonardview, CT 30341",completed,2026-09-24 01:17:15.387702,2026-09-24 01:17:15.387702
3361,580,2026-01-16 17:04:22.372977,102.72,apple_pay,"813 Sanchez Lights Suite 298, Port Christina, AL 27920",completed,2026-09-24 01:17:15.387702,2026-09-24 01:17:15.387702
3362,72,2026-01-16 22:10:59.372977,107.44,credit_card,"35821 Solis Extensions, Fryebury, VI 04326",completed,2026-09-24 01:17:15.387702,2026-09-24 01:17:15.387702
3363,488,2026-01-17 11:40:06.372977,92.92,debit_card,"PSC 9847, Box 5951, APO AP 52124",completed,2026-09-24 01:17:15.387702,2026-09-24 01:17:15.387702
3366,544,2026-01-17 14:44:59.372977,83.95,paypal,"02547 Sarah Mountain Suite 885, Myersport, NY 75239",completed,2026-09-24 01:17:15.387702,2026-09-24 01:17:15.387702
3367,314,2026-01-17 19:38:41.372977,125.54,paypal,"41452 Jonathan Avenue Apt. 406, Port Alexa, ND 55086",completed,2026-09-24 01:17:15.387702,2026-09-24 01:17:15.387702
3368,531,2026-01-17 22:22:50.372977,186.24,debit_card,"74595 Laura Pine, South Kimberly, MH 55551",pending,2026-09-24 01:17:15.387702,2026-09-24 01:17:15.387702
3372,464,2026-01-18 12:02:44.372977,147.5,paypal,"28265 Horne Mountains, Port Katieport, NC 78113",completed,2026-09-24 01:17:15.387702,2026-09-24 01:17:15.387702
3374,223,2026-01-18 14:29:20.372977,63.92,paypal,"38456 Ward Lane Apt. 624, Kimberlybury, WY 72736",completed,2026-09-24 01:17:15.387702,2026-09-24 01:17:15.387702
3376,441,2026-01-18 14:59:09.372977,137.66,paypal,"2362 Morgan Pass Suite 693, Jonesview, NH 85298",completed,2026-09-24 01:17:15.387702,2026-09-24 01:17:15.387702
3378,619,2026-01-19 00:32:57.372977,137.43,credit_card,"4659 James Mall Suite 978, South Brenda, AR 69581",pending,2026-09-24 01:17:15.387702,2026-09-24 01:17:15.387702
3379,72,2026-01-19 21:10:14.372977,127.95,debit_card,"706 Espinoza Vista, Port Davidmouth, OR 17796",pending,2026-09-24 01:17:15.387702,2026-09-24 01:17:15.387702
3385,831,2026-01-21 06:39:41.372977,190.96,paypal,"627 Padilla Plaza Apt. 603, South Joshuashire, AK 31690",completed,2026-09-24 01:17:15.387702,2026-09-24 01:17:15.387702
3387,544,2026-01-21 10:13:55.372977,22.98,paypal,"7405 Norman Island Apt. 231, Port Matthewville, SC 09212",completed,2026-09-24 01:17:15.387702,2026-09-24 01:17:15.387702
3391,531,2026-01-21 21:22:32.372977,89.02,paypal,"705 Connie Knoll Suite 458, South Robertport, ND 60745",pending,2026-09-24 01:17:15.387702,2026-09-24 01:17:15.387702
3403,997,2026-01-23 14:42:12.372977,20.41,debit_card,"618 Mary Mountains Suite 021, Ashleyberg, NM 80062",cancelled,2026-09-24 01:17:15.387702,2026-09-24 01:17:15.387702
3406,314,2026-01-23 21:53:00.372977,103.39,google_pay,"50343 Wanda Meadow, New Gregory, VA 42670",pending,2026-09-24 01:17:15.387702,2026-09-24 01:17:15.387702
3413,769,2026-01-24 17:01:03.372977,110.65,credit_card,"670 Banks Square Suite 444, North Amyland, AZ 14367",completed,2026-09-24 01:17:15.387702,2026-09-24 01:17:15.387702
3415,619,2026-01-24 20:48:59.372977,125.2,credit_card,"24286 Thomas Squares Apt. 571, Susanberg, MA 07801",completed,2026-09-24 01:17:15.387702,2026-09-24 01:17:15.387702
3417,523,2026-01-24 21:26:45.372977,199.22,credit_card,"686 Wendy Falls, Melaniechester, WY 96047",completed,2026-09-24 01:17:15.387702,2026-09-24 01:17:15.387702
3423,431,2026-01-25 14:26:42.372977,29.64,paypal,"7600 White Canyon Apt. 965, Jillhaven, FM 82895",completed,2026-09-24 01:17:15.387702,2026-09-24 01:17:15.387702
3426,664,2026-01-25 19:46:11.372977,155.79,debit_card,"8365 Webb Mount Apt. 905, Hopkinsmouth, NM 38118",pending,2026-09-24 01:17:15.387702,2026-09-24 01:17:15.387702
3429,334,2026-01-26 18:43:56.372977,158.26,debit_card,"62638 Jerry Creek Apt. 947, Ramirezview, AS 47673",completed,2026-09-24 01:17:15.387702,2026-09-24 01:17:15.387702
3432,427,2026-01-27 14:44:43.372977,120.1,apple_pay,"1528 Young Plaza, Adamchester, PR 11921",completed,2026-09-24 01:17:15.387702,2026-09-24 01:17:15.387702
3436,431,2026-01-27 19:45:18.372977,146.7,paypal,"5451 Jennifer Vista, Williamsburgh, VT 18588",completed,2026-09-24 01:17:15.387702,2026-09-24 01:17:15.387702
3438,979,2026-01-27 22:17:07.372977,107.38,debit_card,"850 Ortiz Road, East Jeffreyside, MD 07010",pending,2026-09-24 01:17:15.387702,2026-09-24 01:17:15.387702
3439,739,2026-01-27 22:44:38.372977,152.6,credit_card,"18780 Heidi Spurs, Aguirreton, TN 10191",completed,2026-09-24 01:17:15.387702,2026-09-24 01:17:15.387702
3451,357,2026-01-29 12:40:40.372977,140.38,paypal,"1257 Holmes Wall, Kristenburgh, ME 57249",pending,2026-09-24 01:17:15.387702,2026-09-24 01:17:15.387702
3455,279,2026-01-29 19:53:22.372977,397.48,debit_card,"832 Gavin Street Apt. 677, New Andreastad, IL 39580",completed,2026-09-24 01:17:15.387702,2026-09-24 01:17:15.387702
3463,763,2026-01-31 02:36:00.372977,198.62,paypal,"9571 Scott Branch Suite 944, West Sarahfurt, DE 34274",completed,2026-09-24 01:17:15.387702,2026-09-24 01:17:15.387702
3464,691,2026-01-31 09:21:24.372977,41.8,debit_card,"268 Sawyer Islands, Ericchester, WA 17011",completed,2026-09-24 01:17:15.387702,2026-09-24 01:17:15.387702
3467,223,2026-01-31 20:07:37.372977,117.05,paypal,"9692 Ashley Fort Apt. 861, Christopherland, SC 71511",completed,2026-09-24 01:17:15.387702,2026-09-24 01:17:15.387702
3472,249,2026-02-01 20:33:19.372977,120.82,credit_card,"46018 Moore Alley, East Amandaside, GA 47904",processing,2026-09-24 01:17:15.387702,2026-09-24 01:17:15.387702
3473,739,2026-02-01 21:55:31.372977,136.17,paypal,"3880 Linda Grove, South Christopher, DE 87676",completed,2026-09-24 01:17:15.387702,2026-09-24 01:17:15.387702
3488,628,2026-02-04 09:01:13.372977,109.69,debit_card,"074 Booth Estate Suite 670, East Seth, ND 84238",completed,2026-09-24 01:17:15.387702,2026-09-24 01:17:15.387702
3492,531,2026-02-04 19:58:41.372977,76.45,paypal,"668 Frost Via Apt. 725, Markburgh, VI 69935",completed,2026-09-24 01:17:15.387702,2026-09-24 01:17:15.387702
3496,334,2026-02-05 10:00:40.372977,150.8,credit_card,"427 Johnson Estate, New Mark, AL 58751",pending,2026-09-24 01:17:15.387702,2026-09-24 01:17:15.387702
3508,453,2026-02-08 11:32:39.372977,418.95,debit_card,"4701 Hunter Heights Apt. 593, New Jordan, MH 58819",completed,2026-09-24 01:17:15.387702,2026-09-24 01:17:15.387702
3510,249,2026-02-08 12:18:36.372977,101.02,debit_card,"133 Sosa Mission, West Sherichester, TX 52539",completed,2026-09-24 01:17:15.387702,2026-09-24 01:17:15.387702
3512,357,2026-02-08 13:25:39.372977,157.03,credit_card,"4347 Christopher Mountain Apt. 891, Michaeltown, MI 54356",completed,2026-09-24 01:17:15.387702,2026-09-24 01:17:15.387702
3514,615,2026-02-08 19:11:57.372977,80.27,credit_card,"458 Foley Plaza Suite 285, Coffeyborough, IL 12990",completed,2026-09-24 01:17:15.387702,2026-09-24 01:17:15.387702
3521,825,2026-02-09 20:43:38.372977,76.93,paypal,"1827 Newman Hill, Fordshire, MT 57930",processing,2026-09-24 01:17:15.387702,2026-09-24 01:17:15.387702
3526,246,2026-02-10 05:43:20.372977,123.67,credit_card,"7723 Clark Spur Suite 664, Howellport, SC 57021",completed,2026-09-24 01:17:15.387702,2026-09-24 01:17:15.387702
3551,739,2026-02-13 14:41:33.372977,53.44,debit_card,"3721 White Stream Suite 603, East Mario, ME 09998",completed,2026-09-24 01:17:15.387702,2026-09-24 01:17:15.387702
3558,464,2026-02-14 09:25:29.372977,108.43,debit_card,"64023 Hall Forge, Lake Josephmouth, MH 37089",completed,2026-09-24 01:17:15.387702,2026-09-24 01:17:15.387702
3559,763,2026-02-14 10:25:33.372977,164.78,credit_card,"59212 Reyes Spurs Apt. 405, Matthewburgh, MD 14211",pending,2026-09-24 01:17:15.387702,2026-09-24 01:17:15.387702
3569,763,2026-02-14 22:57:59.372977,102.77,paypal,"38061 Mendoza Rapid Apt. 438, North Alexborough, CT 00850",completed,2026-09-24 01:17:15.387702,2026-09-24 01:17:15.387702
3572,664,2026-02-15 13:50:10.372977,65.6,credit_card,"265 Martinez Mountains, Stephensland, DC 49914",completed,2026-09-24 01:17:15.387702,2026-09-24 01:17:15.387702
3578,739,2026-02-15 23:49:18.372977,163.33,paypal,"912 Michael Prairie, Lindseymouth, SC 51760",completed,2026-09-24 01:17:15.387702,2026-09-24 01:17:15.387702
3587,979,2026-02-17 17:13:29.372977,109.94,apple_pay,"25092 David Ridges, Matthewfurt, CO 64705",completed,2026-09-24 01:17:15.387702,2026-09-24 01:17:15.387702
3594,363,2026-02-18 13:23:24.372977,337.76,paypal,"28589 Debra Burgs, North Juliastad, NV 90087",completed,2026-09-24 01:17:15.387702,2026-09-24 01:17:15.387702
3596,488,2026-02-19 05:26:25.372977,94.18,paypal,"379 Reyes Pike Apt. 859, Kimberg, DE 50424",processing,2026-09-24 01:17:15.387702,2026-09-24 01:17:15.387702
3600,979,2026-02-19 23:11:16.372977,110.55,credit_card,"7896 Brian Field Suite 074, East Becky, OR 97225",completed,2026-09-24 01:17:15.387702,2026-09-24 01:17:15.387702
3604,488,2026-02-20 11:23:39.372977,106.89,credit_card,"3184 John Heights Apt. 152, Kinghaven, NH 99024",completed,2026-09-24 01:17:15.387702,2026-09-24 01:17:15.387702
3611,943,2026-02-21 21:16:34.372977,335.0,debit_card,"17785 Watson Port Apt. 579, Cruzberg, WA 57008",returned,2026-09-24 01:17:15.387702,2026-09-24 01:17:15.387702
3614,453,2026-02-22 09:52:56.372977,799.05,credit_card,"USS Coleman, FPO AP 73100",pending,2026-09-24 01:17:15.387702,2026-09-24 01:17:15.387702
3626,434,2026-02-23 12:01:43.372977,32.47,debit_card,"415 Hamilton Falls Apt. 559, Port Derek, CA 82251",completed,2026-09-24 01:17:15.387702,2026-09-24 01:17:15.387702
3628,901,2026-02-23 19:54:52.372977,33.71,credit_card,"328 Weber Squares, Hollowaybury, MH 34808",completed,2026-09-24 01:17:15.387702,2026-09-24 01:17:15.387702
3629,334,2026-02-23 21:05:42.372977,57.57,debit_card,"USNS Davis, FPO AP 47186",completed,2026-09-24 01:17:15.387702,2026-09-24 01:17:15.387702
3631,531,2026-02-23 21:27:19.372977,170.57,debit_card,"02335 James Unions Apt. 627, Elizabethstad, NJ 07486",completed,2026-09-24 01:17:15.387702,2026-09-24 01:17:15.387702
3645,434,2026-02-26 20:17:49.372977,32.6,credit_card,"546 Francis Garden, Port Michaelhaven, NE 70467",completed,2026-09-24 01:17:15.387702,2026-09-24 01:17:15.387702
3661,523,2026-03-01 18:10:24.372977,128.06,credit_card,"07302 Floyd Lights, Taylorshire, NV 48143",completed,2026-09-24 01:17:15.387702,2026-09-24 01:17:15.387702
3668,427,2026-03-02 13:41:32.372977,217.89,credit_card,"0450 Deborah Passage, Bonillafort, GA 81689",pending,2026-09-24 01:17:15.387702,2026-09-24 01:17:15.387702
3670,434,2026-03-02 20:17:26.372977,44.87,paypal,"5562 Barbara Haven, Perrychester, PR 92768",completed,2026-09-24 01:17:15.387702,2026-09-24 01:17:15.387702
3671,314,2026-03-02 21:55:26.372977,195.09,credit_card,"048 Pham Trail, Frederickburgh, TN 45489",completed,2026-09-24 01:17:15.387702,2026-09-24 01:17:15.387702
3672,825,2026-03-03 10:59:57.372977,62.14,credit_card,"27594 Michael Canyon Apt. 657, Michaelfort, ME 68845",completed,2026-09-24 01:17:15.387702,2026-09-24 01:17:15.387702
3674,334,2026-03-03 14:35:06.372977,126.07,credit_card,"750 Jeff Club, Deborahview, IL 73683",completed,2026-09-24 01:17:15.387702,2026-09-24 01:17:15.387702
3677,453,2026-03-03 20:14:36.372977,788.86,google_pay,"0506 Nunez Point, Lake Michael, VI 20477",completed,2026-09-24 01:17:15.387702,2026-09-24 01:17:15.387702
3680,249,2026-03-04 04:35:01.372977,101.98,credit_card,"741 Hughes Mall, Curtismouth, AZ 65197",completed,2026-09-24 01:17:15.387702,2026-09-24 01:17:15.387702
3681,246,2026-03-04 09:08:07.372977,147.48,paypal,"61209 Sarah Manor, Grantberg, TN 91549",completed,2026-09-24 01:17:15.387702,2026-09-24 01:17:15.387702
3685,72,2026-03-04 23:43:52.372977,32.38,google_pay,"7270 Amy Manor, Ortizmouth, PW 33186",pending,2026-09-24 01:17:15.387702,2026-09-24 01:17:15.387702
3686,464,2026-03-05 09:13:36.372977,151.51,google_pay,"3395 Mcmillan Lakes, Wellsfort, WY 89999",pending,2026-09-24 01:17:15.387702,2026-09-24 01:17:15.387702
3687,531,2026-03-05 19:38:18.372977,133.26,apple_pay,"91731 Lee Dale, Deborahtown, TN 68104",returned,2026-09-24 01:17:15.387702,2026-09-24 01:17:15.387702
3688,434,2026-03-05 19:55:54.372977,85.48,debit_card,"Unit 8558 Box 6793, DPO AE 50231",completed,2026-09-24 01:17:15.387702,2026-09-24 01:17:15.387702
3699,427,2026-03-08 07:25:34.372977,186.58,apple_pay,"4471 Durham Knolls, East Loriville, MD 97065",completed,2026-09-24 01:17:15.387702,2026-09-24 01:17:15.387702
3700,938,2026-03-08 09:15:55.372977,128.49,debit_card,"919 Jessica Views, Rodgerstown, MO 57167",completed,2026-09-24 01:17:15.387702,2026-09-24 01:17:15.387702
3703,427,2026-03-09 12:50:18.372977,318.01,google_pay,"6022 Theresa Circles, Lake Tonyport, FM 67486",completed,2026-09-24 01:17:15.387702,2026-09-24 01:17:15.387702
3707,363,2026-03-09 21:38:20.372977,187.23,google_pay,"Unit 5371 Box 5573, DPO AE 03954",returned,2026-09-24 01:17:15.387702,2026-09-24 01:17:15.387702
3711,283,2026-03-10 13:17:12.372977,173.76,credit_card,"947 William Run Apt. 265, Matthewborough, ID 90137",completed,2026-09-24 01:17:15.387702,2026-09-24 01:17:15.387702
3712,357,2026-03-10 19:30:39.372977,194.72,credit_card,"022 Perez Mountains Apt. 411, South John, TX 65061",completed,2026-09-24 01:17:15.387702,2026-09-24 01:17:15.387702
3715,279,2026-03-10 20:27:41.372977,302.13,google_pay,"571 Rose Ranch Suite 293, New Anthonyton, PW 11420",pending,2026-09-24 01:17:15.387702,2026-09-24 01:17:15.387702
3717,357,2026-03-10 23:39:50.372977,77.4,credit_card,"89395 Odom Causeway, West Rogerland, PR 59088",completed,2026-09-24 01:17:15.387702,2026-09-24 01:17:15.387702
3722,881,2026-03-11 19:13:30.372977,102.26,google_pay,"63578 Emily Forks, Grantville, TN 19625",cancelled,2026-09-24 01:17:15.387702,2026-09-24 01:17:15.387702
3736,488,2026-03-14 12:14:33.372977,141.58,paypal,"646 Arroyo Branch Apt. 687, Juliastad, DE 83051",completed,2026-09-24 01:17:15.387702,2026-09-24 01:17:15.387702
3739,334,2026-03-14 19:49:35.372977,64.66,credit_card,"93335 Tracy Oval, New Bryanton, SD 03342",completed,2026-09-24 01:17:15.387702,2026-09-24 01:17:15.387702
3745,664,2026-03-15 11:26:26.372977,63.87,credit_card,"79955 Rachel Centers Apt. 453, North Shellyburgh, PW 30756",pending,2026-09-24 01:17:15.387702,2026-09-24 01:17:15.387702
3750,453,2026-03-15 13:30:57.372977,396.92,paypal,"7208 Eric Crescent Apt. 415, Port Stevenport, OR 32573",completed,2026-09-24 01:17:15.387702,2026-09-24 01:17:15.387702
3753,763,2026-03-15 13:53:20.372977,123.32,paypal,"50346 Miranda Roads Apt. 734, South Rachelview, PW 12034",cancelled,2026-09-24 01:17:15.387702,2026-09-24 01:17:15.387702
3755,249,2026-03-15 18:35:53.372977,94.09,credit_card,"18872 Tucker Port, Schmittchester, TN 71196",completed,2026-09-24 01:17:15.387702,2026-09-24 01:17:15.387702
3776,869,2026-03-18 20:18:44.372977,187.69,paypal,"7450 Jon Trail, Johnfort, GA 79211",completed,2026-09-24 01:17:15.387702,2026-09-24 01:17:15.387702
3777,825,2026-03-18 23:49:12.372977,64.54,credit_card,"206 Joshua Ways, Dylanberg, WV 10510",processing,2026-09-24 01:17:15.387702,2026-09-24 01:17:15.387702
3781,441,2026-03-19 07:31:42.372977,24.85,credit_card,"9293 Rowe Vista Apt. 662, New Seanberg, OK 52101",completed,2026-09-24 01:17:15.387702,2026-09-24 01:17:15.387702
3785,628,2026-03-20 06:41:39.372977,99.0,debit_card,"4952 David Roads, Hannaport, GA 19043",completed,2026-09-24 01:17:15.387702,2026-09-24 01:17:15.387702
3788,431,2026-03-20 13:08:42.372977,132.44,credit_card,"5168 Anthony Views, Whitemouth, ID 43815",processing,2026-09-24 01:17:15.387702,2026-09-24 01:17:15.387702
3792,619,2026-03-21 14:30:41.372977,127.15,credit_card,"45446 Lara Gateway, Port Bryan, WA 06005",pending,2026-09-24 01:17:15.387702,2026-09-24 01:17:15.387702
3797,249,2026-03-22 05:35:26.372977,28.57,debit_card,"1504 Richards Crescent Suite 089, Lake Jonathan, MT 93803",completed,2026-09-24 01:17:15.387702,2026-09-24 01:17:15.387702
3804,943,2026-03-23 02:35:22.372977,391.58,debit_card,"54825 Moore Orchard, New Roger, KY 26598",completed,2026-09-24 01:17:15.387702,2026-09-24 01:17:15.387702
3807,943,2026-03-23 13:32:27.372977,334.39,debit_card,"61067 Taylor Locks Suite 702, Jasmineville, PR 17448",completed,2026-09-24 01:17:15.387702,2026-09-24 01:17:15.387702
3810,628,2026-03-24 10:02:40.372977,63.7,apple_pay,"177 Hicks Haven, Hayesbury, MN 81007",processing,2026-09-24 01:17:15.387702,2026-09-24 01:17:15.387702
3819,314,2026-03-26 01:32:48.372977,64.38,apple_pay,"PSC 9203, Box 2735, APO AA 15942",completed,2026-09-24 01:17:15.387702,2026-09-24 01:17:15.387702
3823,691,2026-03-26 10:00:19.372977,80.95,credit_card,"375 Jared Plains Suite 151, Autumnton, TN 03122",completed,2026-09-24 01:17:15.387702,2026-09-24 01:17:15.387702
3839,881,2026-03-28 09:52:44.372977,43.16,debit_card,"984 Holly Fords Apt. 768, Smithhaven, WI 02035",completed,2026-09-24 01:17:15.387702,2026-09-24 01:17:15.387702
3841,869,2026-03-28 14:40:04.372977,73.73,debit_card,"140 Rodney Field, Port Lauren, NC 37057",completed,2026-09-24 01:17:15.387702,2026-09-24 01:17:15.387702
3849,427,2026-03-29 14:21:33.372977,252.02,credit_card,"126 Brown Springs Suite 961, Port Tamaraside, KY 00716",completed,2026-09-24 01:17:15.387702,2026-09-24 01:17:15.387702
3852,249,2026-03-30 02:58:42.372977,148.49,paypal,"80492 Jasmine Terrace Suite 071, Millershire, IN 27703",completed,2026-09-24 01:17:15.387702,2026-09-24 01:17:15.387702
3856,769,2026-03-30 11:14:25.372977,249.56,credit_card,"6616 Lance Spring, Williamsonside, NC 95263",completed,2026-09-24 01:17:15.387702,2026-09-24 01:17:15.387702
3866,283,2026-03-31 11:18:19.372977,78.01,credit_card,"50496 David Meadows Suite 765, South Michelle, OH 84979",completed,2026-09-24 01:17:15.387702,2026-09-24 01:17:15.387702
3868,901,2026-03-31 12:59:14.372977,105.42,paypal,"PSC 4900, Box 2880, APO AA 26378",completed,2026-09-24 01:17:15.387702,2026-09-24 01:17:15.387702
3888,523,2026-04-02 14:13:51.372977,114.03,debit_card,"4569 Park Course, West Jasonfurt, VI 81739",completed,2026-09-24 01:17:15.387702,2026-09-24 01:17:15.387702
3890,672,2026-04-02 21:13:26.372977,188.29,debit_card,"4968 Alvarez Motorway Suite 041, New Christopher, NM 14967",completed,2026-09-24 01:17:15.387702,2026-09-24 01:17:15.387702
3893,223,2026-04-03 03:56:09.372977,106.75,credit_card,"787 Joseph Centers Suite 149, Linmouth, MN 60535",completed,2026-09-24 01:17:15.387702,2026-09-24 01:17:15.387702
3905,431,2026-04-05 12:23:15.372977,148.36,debit_card,"6729 Robert Corner, Jennifertown, HI 66448",completed,2026-09-24 01:17:15.387702,2026-09-24 01:17:15.387702
3909,628,2026-04-05 19:00:43.372977,108.72,credit_card,"15812 Omar Drives, Janeport, RI 85110",completed,2026-09-24 01:17:15.387702,2026-09-24 01:17:15.387702
3911,427,2026-04-05 22:12:18.372977,280.67,debit_card,"89053 Snyder Ports Suite 196, Elijahport, ME 43913",completed,2026-09-24 01:17:15.387702,2026-09-24 01:17:15.387702
3913,628,2026-04-06 06:32:36.372977,193.62,paypal,"94103 Snyder Pines Apt. 693, Lake Jessica, WI 95278",completed,2026-09-24 01:17:15.387702,2026-09-24 01:17:15.387702
3920,769,2026-04-07 04:18:12.372977,199.25,paypal,"9239 Davis Plain, East Kathleen, TN 68231",completed,2026-09-24 01:17:15.387702,2026-09-24 01:17:15.387702
3921,901,2026-04-07 11:11:47.372977,124.21,credit_card,"6931 Elliott Knoll Suite 881, Lake Sarahborough, FL 61244",completed,2026-09-24 01:17:15.387702,2026-09-24 01:17:15.387702
3948,464,2026-04-12 05:41:43.372977,144.15,apple_pay,"177 Chris Corner Suite 493, East Markfort, TX 56432",completed,2026-09-24 01:17:15.387702,2026-09-24 01:17:15.387702
3951,691,2026-04-12 11:07:54.372977,50.53,google_pay,"3575 Diane Ridges Apt. 555, Porterside, KY 56121",completed,2026-09-24 01:17:15.387702,2026-09-24 01:17:15.387702
3952,881,2026-04-12 11:16:44.372977,92.36,credit_card,"33854 Sean Mews, Youngstad, OH 45439",completed,2026-09-24 01:17:15.387702,2026-09-24 01:17:15.387702
3953,869,2026-04-12 11:29:28.372977,132.95,paypal,"PSC 5136, Box 4029, APO AA 23472",completed,2026-09-24 01:17:15.387702,2026-09-24 01:17:15.387702
3955,249,2026-04-12 19:11:31.372977,56.94,apple_pay,"8364 Baker Points Suite 597, Greenstad, VA 38832",completed,2026-09-24 01:17:15.387702,2026-09-24 01:17:15.387702
3973,769,2026-04-15 15:55:54.372977,211.88,credit_card,"07799 Bryant Drive Apt. 264, Crossland, WV 42935",completed,2026-09-24 01:17:15.387702,2026-09-24 01:17:15.387702
3977,831,2026-04-16 02:31:59.372977,383.34,credit_card,"422 David Isle Apt. 132, Belltown, ID 38688",completed,2026-09-24 01:17:15.387702,2026-09-24 01:17:15.387702
3983,869,2026-04-17 14:30:00.372977,43.1,credit_card,"8180 Robert Shoal Apt. 567, Barrettburgh, SC 14257",completed,2026-09-24 01:17:15.387702,2026-09-24 01:17:15.387702
3984,334,2026-04-17 19:15:23.372977,147.56,credit_card,"221 Cox Prairie Apt. 157, East Paulmouth, TN 68952",pending,2026-09-24 01:17:15.387702,2026-09-24 01:17:15.387702
3993,763,2026-04-19 10:48:35.372977,112.57,paypal,"488 Morgan Squares Suite 073, New Cynthia, MI 49793",completed,2026-09-24 01:17:15.387702,2026-09-24 01:17:15.387702
3994,869,2026-04-19 17:04:52.372977,150.79,debit_card,"3659 Sherri Isle, West Calvinbury, NM 19160",completed,2026-09-24 01:17:15.387702,2026-09-24 01:17:15.387702
3998,431,2026-04-19 19:59:33.372977,124.9,google_pay,"7034 Vanessa Underpass, South Lindsayland, TN 07060",completed,2026-09-24 01:17:15.387702,2026-09-24 01:17:15.387702
3999,223,2026-04-19 20:11:43.372977,183.93,paypal,"291 Kimberly Inlet Suite 078, Smithbury, MN 54489",completed,2026-09-24 01:17:15.387702,2026-09-24 01:17:15.387702
4004,615,2026-04-21 10:22:56.372977,54.88,paypal,"45089 Donald Center Apt. 858, Morrisland, FM 75145",completed,2026-09-24 01:17:15.387702,2026-09-24 01:17:15.387702
4005,580,2026-04-21 21:41:00.372977,34.91,credit_card,"09567 Jay Vista, Lake Jasmine, UT 63292",completed,2026-09-24 01:17:15.387702,2026-09-24 01:17:15.387702
4011,979,2026-04-22 20:31:43.372977,183.86,credit_card,"39688 Brown Causeway Apt. 569, New Brianna, NV 91131",completed,2026-09-24 01:17:15.387702,2026-09-24 01:17:15.387702
4012,997,2026-04-23 00:02:45.372977,146.28,credit_card,"67326 Jimmy Circles Suite 936, Brandonfurt, DC 06521",completed,2026-09-24 01:17:15.387702,2026-09-24 01:17:15.387702
4017,831,2026-04-23 12:41:41.372977,327.33,debit_card,"2483 Weaver Shoals Apt. 145, South Kylebury, IL 39760",completed,2026-09-24 01:17:15.387702,2026-09-24 01:17:15.387702
4019,822,2026-04-23 21:27:35.372977,143.78,debit_card,"4201 Kathryn Rapid Apt. 232, North Nicholasstad, CT 79150",completed,2026-09-24 01:17:15.387702,2026-09-24 01:17:15.387702
4021,314,2026-04-24 11:14:08.372977,145.2,credit_card,"446 Robinson Brooks Apt. 912, New Tracymouth, PW 68610",completed,2026-09-24 01:17:15.387702,2026-09-24 01:17:15.387702
4029,822,2026-04-26 12:03:00.372977,40.53,debit_card,"77381 Stacy Turnpike, North Cheryl, ND 32399",pending,2026-09-24 01:17:15.387702,2026-09-24 01:17:15.387702
4031,763,2026-04-27 09:10:16.372977,163.73,apple_pay,"6607 Brooks Ports, Justinview, VI 53509",completed,2026-09-24 01:17:15.387702,2026-09-24 01:17:15.387702
4041,314,2026-04-27 22:13:47.372977,105.91,credit_card,"99055 Martinez Orchard Apt. 904, Cooperport, MD 49881",completed,2026-09-24 01:17:15.387702,2026-09-24 01:17:15.387702
4042,615,2026-04-28 05:04:30.372977,59.98,apple_pay,"2157 Sabrina Fort Apt. 488, Mccoystad, PR 48493",processing,2026-09-24 01:17:15.387702,2026-09-24 01:17:15.387702
4053,431,2026-04-29 21:22:16.372977,96.12,paypal,"56761 Ethan Point Suite 233, Port Alexiston, MN 52657",completed,2026-09-24 01:17:15.387702,2026-09-24 01:17:15.387702
4059,283,2026-04-30 15:52:26.372977,63.09,credit_card,"80388 Linda Ville Suite 371, West Jennifermouth, SD 69059",completed,2026-09-24 01:17:15.387702,2026-09-24 01:17:15.387702
4068,427,2026-05-01 13:31:37.372977,93.62,apple_pay,"798 Brown Rue, South Jim, WV 48598",completed,2026-09-24 01:17:15.387702,2026-09-24 01:17:15.387702
4069,544,2026-05-01 17:42:47.372977,134.32,apple_pay,"91114 Travis Landing, Medinachester, GA 09919",completed,2026-09-24 01:17:15.387702,2026-09-24 01:17:15.387702
4089,580,2026-05-04 19:02:35.372977,98.57,credit_card,"8157 Wolfe Harbor, Kellystad, WY 83414",completed,2026-09-24 01:17:15.387702,2026-09-24 01:17:15.387702
4090,691,2026-05-04 20:43:38.372977,78.15,debit_card,"447 Sara Glen Suite 224, Donnaside, OR 58545",completed,2026-09-24 01:17:15.387702,2026-09-24 01:17:15.387702
4097,672,2026-05-05 11:39:53.372977,102.39,credit_card,"0931 Paul Curve, Rossbury, IN 15832",completed,2026-09-24 01:17:15.387702,2026-09-24 01:17:15.387702
4111,769,2026-05-07 19:46:47.372977,91.43,credit_card,"029 Pruitt Pass Suite 389, Johnsonchester, TN 34576",completed,2026-09-24 01:17:15.387702,2026-09-24 01:17:15.387702
4114,997,2026-05-08 12:13:29.372977,100.77,debit_card,"253 Michelle Ports Suite 587, Franklinbury, MO 39217",completed,2026-09-24 01:17:15.387702,2026-09-24 01:17:15.387702
4123,943,2026-05-09 19:49:19.372977,312.93,credit_card,"783 Connie Station, South Shelleyburgh, TX 24284",completed,2026-09-24 01:17:15.387702,2026-09-24 01:17:15.387702
4124,825,2026-05-10 10:01:26.372977,111.1,debit_card,"0997 Theodore Way, Michaelbury, CO 03583",processing,2026-09-24 01:17:15.387702,2026-09-24 01:17:15.387702
4125,544,2026-05-10 11:12:47.372977,107.99,credit_card,"9931 Pedro Center Suite 229, North Victoriaborough, OH 50595",pending,2026-09-24 01:17:15.387702,2026-09-24 01:17:15.387702
4132,357,2026-05-12 00:49:54.372977,157.24,paypal,"9092 William Track Suite 987, Monicastad, DE 93157",completed,2026-09-24 01:17:15.387702,2026-09-24 01:17:15.387702
4135,279,2026-05-12 15:57:40.372977,292.97,paypal,"929 Logan Ridge, North Aaron, MA 29904",completed,2026-09-24 01:17:15.387702,2026-09-24 01:17:15.387702
4140,249,2026-05-13 13:11:36.372977,42.66,credit_card,"836 Browning Trail, Port Mary, WY 47146",completed,2026-09-24 01:17:15.387702,2026-09-24 01:17:15.387702
4143,938,2026-05-13 21:02:36.372977,51.14,apple_pay,"9289 Smith Expressway Suite 898, East Ebonyville, VT 71243",completed,2026-09-24 01:17:15.387702,2026-09-24 01:17:15.387702
4145,363,2026-05-14 05:51:08.372977,295.11,google_pay,"799 Sanchez Station, Dennistown, MA 54342",pending,2026-09-24 01:17:15.387702,2026-09-24 01:17:15.387702
4148,943,2026-05-14 14:50:59.372977,325.47,credit_card,"9112 Summer Underpass Apt. 142, Michellefurt, CO 14683",completed,2026-09-24 01:17:15.387702,2026-09-24 01:17:15.387702
4149,249,2026-05-14 21:32:49.372977,84.39,paypal,"800 Kirby Fort Apt. 697, South Brian, IN 97641",completed,2026-09-24 01:17:15.387702,2026-09-24 01:17:15.387702
4151,523,2026-05-15 08:36:23.372977,169.23,google_pay,"2016 Kelly Island Suite 864, Victorhaven, MO 42768",completed,2026-09-24 01:17:15.387702,2026-09-24 01:17:15.387702
4154,523,2026-05-15 14:16:18.372977,90.57,paypal,"5886 Wright Creek, Elizabethside, NH 07902",completed,2026-09-24 01:17:15.387702,2026-09-24 01:17:15.387702
4157,822,2026-05-15 21:11:11.372977,23.85,credit_card,"6158 William Rue Apt. 069, Dorisberg, AS 76326",completed,2026-09-24 01:17:15.387702,2026-09-24 01:17:15.387702
4164,72,2026-05-16 21:37:40.372977,136.91,credit_card,"33343 Tina Mountains, Lake Tommy, LA 82079",completed,2026-09-24 01:17:15.387702,2026-09-24 01:17:15.387702
4167,664,2026-05-17 06:58:21.372977,45.94,paypal,"7771 Mike River, Wilsonfurt, AK 08161",completed,2026-09-24 01:17:15.387702,2026-09-24 01:17:15.387702
4179,464,2026-05-18 20:09:22.372977,143.61,debit_card,"588 Brandt Road, New Joshua, MS 93640",pending,2026-09-24 01:17:15.387702,2026-09-24 01:17:15.387702
4185,246,2026-05-19 10:56:24.372977,86.0,debit_card,"5642 Peter Walk Apt. 759, Parkville, GU 86636",completed,2026-09-24 01:17:15.387702,2026-09-24 01:17:15.387702
4193,615,2026-05-20 11:48:28.372977,184.41,credit_card,"35783 Collins Cliffs Apt. 357, Davisview, LA 03531",completed,2026-09-24 01:17:15.387702,2026-09-24 01:17:15.387702
4196,363,2026-05-20 21:13:04.372977,122.88,paypal,"9673 Mary Groves Suite 607, East Amyfort, IL 99138",completed,2026-09-24 01:17:15.387702,2026-09-24 01:17:15.387702
4247,544,2026-05-29 13:36:00.372977,95.62,apple_pay,"61276 Foster Trail Apt. 957, Tracystad, AZ 73294",completed,2026-09-24 01:17:15.387702,2026-09-24 01:17:15.387702
4249,427,2026-05-29 19:49:35.372977,385.95,credit_card,"0603 Robert Wall, West Jose, IN 59429",completed,2026-09-24 01:17:15.387702,2026-09-24 01:17:15.387702
4257,901,2026-05-30 20:39:00.372977,78.94,debit_card,"54601 Stephanie Tunnel, East Laurenbury, KS 66343",completed,2026-09-24 01:17:15.387702,2026-09-24 01:17:15.387702
4260,334,2026-05-30 22:26:40.372977,87.74,debit_card,"72492 Debra Gateway, East Kevin, AL 52068",completed,2026-09-24 01:17:15.387702,2026-09-24 01:17:15.387702
4266,869,2026-05-31 19:35:46.372977,83.66,paypal,"161 Chapman Wall, Barbarachester, CO 60895",completed,2026-09-24 01:17:15.387702,2026-09-24 01:17:15.387702
4268,464,2026-05-31 20:43:43.372977,161.77,apple_pay,"54959 Becky Trace, Larsonville, PA 50167",completed,2026-09-24 01:17:15.387702,2026-09-24 01:17:15.387702
4269,664,2026-05-31 21:01:43.372977,189.64,credit_card,"53644 Lisa Port Suite 412, Lake Stevenburgh, AR 71394",completed,2026-09-24 01:17:15.387702,2026-09-24 01:17:15.387702
4275,615,2026-06-02 13:46:19.372977,112.85,credit_card,"273 Micheal Drive, Port Davidhaven, ND 61704",completed,2026-09-24 01:17:15.387702,2026-09-24 01:17:15.387702
4288,249,2026-06-04 12:35:21.372977,108.68,credit_card,"727 Hanna Forge, Port Michellemouth, NC 97602",completed,2026-09-24 01:17:15.387702,2026-09-24 01:17:15.387702
4292,628,2026-06-05 10:45:08.372977,197.89,credit_card,"52359 Toni Circle Apt. 901, Baldwinfurt, MN 14330",completed,2026-09-24 01:17:15.387702,2026-09-24 01:17:15.387702
4296,441,2026-06-05 15:28:31.372977,67.67,paypal,"63149 Hannah Path Apt. 372, New Joanna, NC 98074",completed,2026-09-24 01:17:15.387702,2026-09-24 01:17:15.387702
4298,544,2026-06-05 19:14:42.372977,129.43,debit_card,"1967 Pamela Lodge Apt. 586, Jimmyview, TX 28261",completed,2026-09-24 01:17:15.387702,2026-09-24 01:17:15.387702
4300,223,2026-06-06 12:42:07.372977,145.05,credit_card,"204 William Divide Apt. 633, Nicoleland, CA 69603",cancelled,2026-09-24 01:17:15.387702,2026-09-24 01:17:15.387702
4305,881,2026-06-07 23:05:06.372977,148.9,paypal,"42495 Janet Island Apt. 800, Bakerhaven, PW 54110",returned,2026-09-24 01:17:15.387702,2026-09-24 01:17:15.387702
4316,441,2026-06-10 13:04:56.372977,147.27,apple_pay,"Unit 0355 Box 0819, DPO AP 99267",completed,2026-09-24 01:17:15.387702,2026-09-24 01:17:15.387702
4318,279,2026-06-10 17:39:17.372977,264.12,debit_card,"USNS Burke, FPO AA 83991",completed,2026-09-24 01:17:15.387702,2026-09-24 01:17:15.387702
4324,544,2026-06-11 21:01:29.372977,44.86,credit_card,"2168 Harrison Street, East Brandonborough, CA 41396",completed,2026-09-24 01:17:15.387702,2026-09-24 01:17:15.387702
4328,434,2026-06-13 03:01:06.372977,30.28,credit_card,"USNS Martinez, FPO AE 15281",returned,2026-09-24 01:17:15.387702,2026-09-24 01:17:15.387702
4330,434,2026-06-13 10:36:04.372977,32.88,debit_card,"9430 Salazar Shoal, East Matthew, ND 51853",completed,2026-09-24 01:17:15.387702,2026-09-24 01:17:15.387702
4334,739,2026-06-13 22:24:29.372977,146.61,credit_card,"9072 Sara Rapids, Lake Justin, LA 56819",completed,2026-09-24 01:17:15.387702,2026-09-24 01:17:15.387702
4335,357,2026-06-13 22:56:35.372977,116.6,credit_card,"USCGC Moran, FPO AP 55439",completed,2026-09-24 01:17:15.387702,2026-09-24 01:17:15.387702
4336,664,2026-06-14 09:08:21.372977,154.71,apple_pay,"08715 Trujillo Throughway Suite 837, East Connormouth, ME 30420",pending,2026-09-24 01:17:15.387702,2026-09-24 01:17:15.387702
4343,580,2026-06-15 11:27:12.372977,84.6,paypal,"423 Richard Park, Lake Janice, AR 96800",pending,2026-09-24 01:17:15.387702,2026-09-24 01:17:15.387702
4349,831,2026-06-16 11:22:18.372977,132.99,credit_card,"700 Chad Prairie Apt. 073, Jonathanmouth, PW 99889",completed,2026-09-24 01:17:15.387702,2026-09-24 01:17:15.387702
4356,488,2026-06-17 11:11:32.372977,103.56,credit_card,"16495 Scott Tunnel, Port Stephaniefort, AZ 42690",completed,2026-09-24 01:17:15.387702,2026-09-24 01:17:15.387702
4358,72,2026-06-17 12:26:58.372977,110.16,paypal,"82172 Morrow Spurs, New Robertmouth, NC 19313",pending,2026-09-24 01:17:15.387702,2026-09-24 01:17:15.387702
4365,619,2026-06-18 12:37:19.372977,50.07,debit_card,"494 Curtis Mills Apt. 590, South Kenneth, PW 66144",completed,2026-09-24 01:17:15.387702,2026-09-24 01:17:15.387702
4367,938,2026-06-18 17:40:48.372977,145.44,debit_card,"169 Charles Mountains, Chavezmouth, NM 11439",completed,2026-09-24 01:17:15.387702,2026-09-24 01:17:15.387702
4372,672,2026-06-19 11:48:04.372977,197.95,paypal,"158 Natalie Trafficway, Briannashire, VI 36580",completed,2026-09-24 01:17:15.387702,2026-09-24 01:17:15.387702
4377,427,2026-06-19 17:04:27.372977,318.31,apple_pay,"Unit 2906 Box 5165, DPO AE 17846",completed,2026-09-24 01:17:15.387702,2026-09-24 01:17:15.387702
4381,246,2026-06-19 21:28:11.372977,184.2,credit_card,"870 Rice Rapid, Catherinehaven, OK 65776",completed,2026-09-24 01:17:15.387702,2026-09-24 01:17:15.387702
4392,997,2026-06-21 19:25:25.372977,71.08,credit_card,"76835 Steven Causeway, Dorseymouth, TN 63730",pending,2026-09-24 01:17:15.387702,2026-09-24 01:17:15.387702
4396,997,2026-06-22 12:55:05.372977,138.05,apple_pay,"75373 Clark Locks Suite 372, Larryshire, NJ 95348",completed,2026-09-24 01:17:15.387702,2026-09-24 01:17:15.387702
4398,72,2026-06-22 18:52:37.372977,24.73,paypal,"421 Wilcox Crescent, West Davidborough, DE 24551",pending,2026-09-24 01:17:15.387702,2026-09-24 01:17:15.387702
4405,283,2026-06-24 11:33:31.372977,114.03,apple_pay,"PSC 7891, Box 1926, APO AP 78688",cancelled,2026-09-24 01:17:15.387702,2026-09-24 01:17:15.387702
4406,357,2026-06-24 12:12:13.372977,94.03,apple_pay,"8273 Michael Way, Ortizberg, AZ 69690",completed,2026-09-24 01:17:15.387702,2026-09-24 01:17:15.387702
4409,628,2026-06-25 15:24:55.372977,164.88,credit_card,"013 Lori Harbor Apt. 360, Tristanborough, HI 13917",completed,2026-09-24 01:17:15.387702,2026-09-24 01:17:15.387702
4411,664,2026-06-26 03:22:41.372977,64.63,debit_card,"2508 Leonard Garden Apt. 423, Williamton, KY 10988",completed,2026-09-24 01:17:15.387702,2026-09-24 01:17:15.387702
4413,223,2026-06-26 05:39:39.372977,92.75,debit_card,"545 Ramirez Ville, West Amber, NC 31831",completed,2026-09-24 01:17:15.387702,2026-09-24 01:17:15.387702
4415,881,2026-06-26 10:28:24.372977,48.09,paypal,"5418 Emily Springs, Davidborough, SC 55298",pending,2026-09-24 01:17:15.387702,2026-09-24 01:17:15.387702
4419,249,2026-06-26 17:04:26.372977,130.19,debit_card,"949 Matthew Avenue Suite 177, East Paula, DC 04654",completed,2026-09-24 01:17:15.387702,2026-09-24 01:17:15.387702
4423,283,2026-06-27 01:40:40.372977,41.28,credit_card,"03606 Burns Orchard, New Monicaburgh, KY 78763",completed,2026-09-24 01:17:15.387702,2026-09-24 01:17:15.387702
4430,615,2026-06-28 14:29:25.372977,160.44,debit_card,"927 Kristina Corner, Medinaborough, GU 31864",processing,2026-09-24 01:17:15.387702,2026-09-24 01:17:15.387702
4438,464,2026-06-29 21:25:54.372977,142.59,credit_card,"981 Katie Stravenue Apt. 394, Rodgersville, WI 24796",completed,2026-09-24 01:17:15.387702,2026-09-24 01:17:15.387702
4441,431,2026-06-30 12:13:18.372977,135.22,paypal,"373 Padilla Common Suite 353, Michaelview, NE 97557",pending,2026-09-24 01:17:15.387702,2026-09-24 01:17:15.387702
4442,763,2026-06-30 14:33:40.372977,183.72,google_pay,"946 Michael Radial Apt. 745, West Jenniferchester, RI 47493",completed,2026-09-24 01:17:15.387702,2026-09-24 01:17:15.387702
4445,464,2026-06-30 22:15:02.372977,116.16,credit_card,"11874 Anthony Glens Apt. 007, Lake James, CA 96441",completed,2026-09-24 01:17:15.387702,2026-09-24 01:17:15.387702
4447,363,2026-07-02 12:21:54.372977,204.57,paypal,"25546 Peterson Gateway, West Sean, NY 46261",completed,2026-09-24 01:17:15.387702,2026-09-24 01:17:15.387702
4453,246,2026-07-02 22:35:51.372977,40.38,paypal,"8415 Denise Lodge, Savageville, WV 64506",processing,2026-09-24 01:17:15.387702,2026-09-24 01:17:15.387702
4455,881,2026-07-03 12:10:53.372977,156.47,debit_card,"6249 Brooke Plains Suite 187, Garrettside, TX 24080",completed,2026-09-24 01:17:15.387702,2026-09-24 01:17:15.387702
4471,831,2026-07-06 01:17:12.372977,233.25,credit_card,"1476 Gomez Unions Suite 164, East Ericville, VT 86908",completed,2026-09-24 01:17:15.387702,2026-09-24 01:17:15.387702
4472,943,2026-07-06 03:17:40.372977,213.04,debit_card,"533 Luis Park, Chelseafort, TN 41356",completed,2026-09-24 01:17:15.387702,2026-09-24 01:17:15.387702
4474,822,2026-07-06 11:14:14.372977,22.35,credit_card,"73965 Timothy Road Apt. 959, Alexanderfort, UT 08521",completed,2026-09-24 01:17:15.387702,2026-09-24 01:17:15.387702
4479,769,2026-07-06 21:19:26.372977,326.59,paypal,"950 Hinton Summit, North Wesleyton, LA 26836",completed,2026-09-24 01:17:15.387702,2026-09-24 01:17:15.387702
4480,825,2026-07-06 21:33:54.372977,114.03,credit_card,"3752 Ramos Hills Suite 882, Donaldchester, SD 79608",completed,2026-09-24 01:17:15.387702,2026-09-24 01:17:15.387702
4486,672,2026-07-07 21:19:28.372977,105.57,debit_card,"328 Michelle Track, Lopezbury, TX 76492",completed,2026-09-24 01:17:15.387702,2026-09-24 01:17:15.387702
4487,628,2026-07-08 02:19:38.372977,54.84,debit_card,"93032 Cody Trace Apt. 701, Port Victoria, MP 92354",completed,2026-09-24 01:17:15.387702,2026-09-24 01:17:15.387702
4490,769,2026-07-08 16:05:44.372977,140.94,google_pay,"50299 Scott Course Apt. 814, South Trevor, KS 80443",completed,2026-09-24 01:17:15.387702,2026-09-24 01:17:15.387702
4492,769,2026-07-08 21:47:23.372977,105.65,debit_card,"3712 Kelly Gardens, South Brianton, PA 43576",completed,2026-09-24 01:17:15.387702,2026-09-24 01:17:15.387702
4494,453,2026-07-09 11:00:19.372977,161.86,credit_card,"641 Eric Valleys, West Amandamouth, OR 42849",completed,2026-09-24 01:17:15.387702,2026-09-24 01:17:15.387702
4495,943,2026-07-09 12:33:42.372977,385.39,apple_pay,"57646 Kaiser Run Suite 068, New Amyhaven, WA 27963",pending,2026-09-24 01:17:15.387702,2026-09-24 01:17:15.387702
4500,441,2026-07-10 00:36:56.372977,68.16,credit_card,"39295 Mcdaniel Summit Suite 509, Donnaberg, MD 52078",completed,2026-09-24 01:17:15.387702,2026-09-24 01:17:15.387702
4503,246,2026-07-10 09:24:12.372977,82.35,paypal,"USS Taylor, FPO AA 98787",completed,2026-09-24 01:17:15.387702,2026-09-24 01:17:15.387702
4504,831,2026-07-10 13:56:55.372977,350.61,credit_card,"3187 Debbie Rue Suite 098, East Cameron, MT 18686",completed,2026-09-24 01:17:15.387702,2026-09-24 01:17:15.387702
4505,822,2026-07-10 14:58:22.372977,82.61,credit_card,"9161 Jackson Row Apt. 154, North Jenniferland, PW 44477",completed,2026-09-24 01:17:15.387702,2026-09-24 01:17:15.387702
4509,901,2026-07-11 09:18:16.372977,122.73,credit_card,"880 Shaw Vista, Lake Kellyberg, AR 19539",completed,2026-09-24 01:17:15.387702,2026-09-24 01:17:15.387702
4512,822,2026-07-11 22:44:56.372977,41.7,debit_card,"784 Stephen Manor, Williamsonbury, RI 28761",completed,2026-09-24 01:17:15.387702,2026-09-24 01:17:15.387702
4517,822,2026-07-13 01:34:08.372977,32.3,google_pay,"9484 George Dam Apt. 232, New Timothybury, NC 99146",pending,2026-09-24 01:17:15.387702,2026-09-24 01:17:15.387702
4521,943,2026-07-13 09:11:33.372977,201.23,google_pay,"3661 Kelly Skyway Apt. 818, Hansenton, IN 61303",pending,2026-09-24 01:17:15.387702,2026-09-24 01:17:15.387702
4522,869,2026-07-13 11:09:38.372977,176.11,paypal,"7326 Marquez Wells, Fergusonland, AR 45635",pending,2026-09-24 01:17:15.387702,2026-09-24 01:17:15.387702
4525,822,2026-07-13 22:51:35.372977,144.78,google_pay,"USS Anderson, FPO AP 14066",pending,2026-09-24 01:17:15.387702,2026-09-24 01:17:15.387702
4526,628,2026-07-14 03:05:57.372977,59.43,paypal,"735 Marc Heights Suite 066, South Janetchester, MT 35405",processing,2026-09-24 01:17:15.387702,2026-09-24 01:17:15.387702
4527,739,2026-07-14 05:28:45.372977,81.44,credit_card,"6000 Owens Walk, North Brianbury, GU 40827",completed,2026-09-24 01:17:15.387702,2026-09-24 01:17:15.387702
4532,979,2026-07-14 12:39:40.372977,93.58,debit_card,"5821 Peterson Corners, Lindaburgh, TX 01936",completed,2026-09-24 01:17:15.387702,2026-09-24 01:17:15.387702
4535,869,2026-07-14 21:18:49.372977,166.79,credit_card,"42491 Moore Flat Apt. 777, Jeanview, FL 24238",completed,2026-09-24 01:17:15.387702,2026-09-24 01:17:15.387702
4538,72,2026-07-15 09:30:31.372977,134.46,credit_card,"49278 Moore Flats, Reginaldland, MD 09596",completed,2026-09-24 01:17:15.387702,2026-09-24 01:17:15.387702
4540,523,2026-07-15 17:09:34.372977,113.04,debit_card,"9376 Brown Wall Apt. 566, Danielborough, PA 14881",completed,2026-09-24 01:17:15.387702,2026-09-24 01:17:15.387702
4551,431,2026-07-17 12:48:27.372977,61.31,credit_card,"296 Rivera Islands Apt. 175, West Ashleyside, NC 65395",completed,2026-09-24 01:17:15.387702,2026-09-24 01:17:15.387702
4572,619,2026-07-20 08:25:40.372977,88.88,paypal,"97941 Douglas Harbor, Johnsonside, NJ 20295",completed,2026-09-24 01:17:15.387702,2026-09-24 01:17:15.387702
4582,615,2026-07-21 19:56:41.372977,61.82,credit_card,"04516 Kelly Ridge, West Chadside, WV 95072",completed,2026-09-24 01:17:15.387702,2026-09-24 01:17:15.387702
4583,825,2026-07-22 11:45:57.372977,38.31,apple_pay,"468 Watson Forest, Port Alexandershire, AL 25716",completed,2026-09-24 01:17:15.387702,2026-09-24 01:17:15.387702
4587,357,2026-07-23 02:49:36.372977,170.74,credit_card,"49605 Barnes Burg, Meganhaven, ME 84808",pending,2026-09-24 01:17:15.387702,2026-09-24 01:17:15.387702
4593,279,2026-07-23 21:21:17.372977,165.47,credit_card,"12789 Burke Corner, North Katherine, SD 66523",completed,2026-09-24 01:17:15.387702,2026-09-24 01:17:15.387702
4599,672,2026-07-25 01:49:02.372977,183.76,credit_card,"20981 Smith Way Suite 696, Port Janetfurt, AZ 61505",completed,2026-09-24 01:17:15.387702,2026-09-24 01:17:15.387702
4600,619,2026-07-25 12:23:01.372977,81.44,apple_pay,"65293 Anderson Route Apt. 056, Robertmouth, RI 94449",completed,2026-09-24 01:17:15.387702,2026-09-24 01:17:15.387702
4601,357,2026-07-25 13:29:02.372977,84.07,debit_card,"0244 Hernandez Prairie Apt. 481, Kennethton, SD 48447",completed,2026-09-24 01:17:15.387702,2026-09-24 01:17:15.387702
4602,531,2026-07-25 14:21:00.372977,71.95,debit_card,"43969 York Stravenue, Terrimouth, TX 64808",completed,2026-09-24 01:17:15.387702,2026-09-24 01:17:15.387702
4615,619,2026-07-26 21:12:45.372977,111.32,credit_card,"9750 Munoz Park Apt. 930, North Ginastad, MH 77789",cancelled,2026-09-24 01:17:15.387702,2026-09-24 01:17:15.387702
4617,628,2026-07-27 07:09:24.372977,111.47,paypal,"2652 Rebecca Village, Port Jennifer, CT 59512",cancelled,2026-09-24 01:17:15.387702,2026-09-24 01:17:15.387702
4622,580,2026-07-28 11:02:11.372977,123.88,credit_card,"277 Wilkerson View Apt. 309, Lake Todd, IN 20420",completed,2026-09-24 01:17:15.387702,2026-09-24 01:17:15.387702
4629,427,2026-07-29 03:21:18.372977,268.75,credit_card,"52501 Samuel Rapids Suite 950, Steventon, AL 52980",returned,2026-09-24 01:17:15.387702,2026-09-24 01:17:15.387702
4634,997,2026-07-30 13:52:44.372977,106.09,google_pay,"PSC 8356, Box 3640, APO AP 83252",completed,2026-09-24 01:17:15.387702,2026-09-24 01:17:15.387702
4638,464,2026-07-31 08:30:36.372977,90.72,debit_card,"699 Matthew Pike Apt. 978, Sethville, VT 90172",completed,2026-09-24 01:17:15.387702,2026-09-24 01:17:15.387702
4643,769,2026-07-31 14:34:36.372977,230.34,debit_card,"6438 Mary Ridges, Port Lindaview, ND 85340",completed,2026-09-24 01:17:15.387702,2026-09-24 01:17:15.387702
4647,979,2026-08-01 07:07:38.372977,163.42,paypal,"8256 Hammond Knoll, Browningfort, NE 55248",completed,2026-09-24 01:17:15.387702,2026-09-24 01:17:15.387702
4655,580,2026-08-02 23:45:38.372977,78.58,credit_card,"247 Stone Mountains, West Taylor, OK 58501",completed,2026-09-24 01:17:15.387702,2026-09-24 01:17:15.387702
4656,615,2026-08-03 15:17:28.372977,111.19,credit_card,"11906 Avery Forks, Stephensburgh, TX 31368",pending,2026-09-24 01:17:15.387702,2026-09-24 01:17:15.387702
4659,246,2026-08-03 21:03:44.372977,186.79,paypal,"54550 Wendy Hill, New Victoriaton, TN 74371",completed,2026-09-24 01:17:15.387702,2026-09-24 01:17:15.387702
4660,769,2026-08-03 21:53:04.372977,342.4,credit_card,"17627 Kyle Viaduct Apt. 445, Oneillstad, CO 93491",completed,2026-09-24 01:17:15.387702,2026-09-24 01:17:15.387702
4666,434,2026-08-04 21:57:53.372977,97.45,credit_card,"95014 Hurst Point, Anthonychester, TX 85227",completed,2026-09-24 01:17:15.387702,2026-09-24 01:17:15.387702
4667,869,2026-08-05 05:07:03.372977,152.66,credit_card,"63276 Sarah Station Apt. 265, Hernandezfort, PA 69349",completed,2026-09-24 01:17:15.387702,2026-09-24 01:17:15.387702
4670,544,2026-08-05 14:50:59.372977,96.1,debit_card,"6242 Levine Lane, New Andre, PR 59277",completed,2026-09-24 01:17:15.387702,2026-09-24 01:17:15.387702
4674,334,2026-08-06 11:30:10.372977,149.77,apple_pay,"3851 Pacheco Forge, Courtneystad, NE 63068",completed,2026-09-24 01:17:15.387702,2026-09-24 01:17:15.387702
4675,979,2026-08-06 12:30:42.372977,168.02,google_pay,"3946 Nathan Street, New Laurenhaven, MO 83966",completed,2026-09-24 01:17:15.387702,2026-09-24 01:17:15.387702
4676,739,2026-08-06 15:58:35.372977,174.87,debit_card,"17759 Steven Haven Apt. 923, South Nicole, UT 40897",completed,2026-09-24 01:17:15.387702,2026-09-24 01:17:15.387702
4682,453,2026-08-07 21:33:54.372977,437.05,apple_pay,"3271 James Keys, Kellyside, ME 57490",completed,2026-09-24 01:17:15.387702,2026-09-24 01:17:15.387702
4683,488,2026-08-07 23:08:42.372977,101.47,credit_card,"55105 Vanessa Oval Suite 786, Lake Ericstad, MP 84963",processing,2026-09-24 01:17:15.387702,2026-09-24 01:17:15.387702
4689,664,2026-08-08 21:15:04.372977,138.62,apple_pay,"327 Fox Plaza, Port Christophermouth, RI 22358",processing,2026-09-24 01:17:15.387702,2026-09-24 01:17:15.387702
4690,363,2026-08-08 22:08:18.372977,370.75,credit_card,"741 Nelson Route Apt. 180, West Sierra, AL 94532",cancelled,2026-09-24 01:17:15.387702,2026-09-24 01:17:15.387702
4700,831,2026-08-10 11:29:58.372977,187.6,debit_card,"90772 Spencer Causeway, New Daniellechester, HI 83521",completed,2026-09-24 01:17:15.387702,2026-09-24 01:17:15.387702
4703,363,2026-08-11 10:20:25.372977,388.55,paypal,"4415 Kelley Spur Suite 482, Stewartside, WA 27870",completed,2026-09-24 01:17:15.387702,2026-09-24 01:17:15.387702
4707,488,2026-08-11 20:02:54.372977,159.57,credit_card,"5889 Jill Extension, North Thomas, DE 35528",completed,2026-09-24 01:17:15.387702,2026-09-24 01:17:15.387702
4714,431,2026-08-13 02:26:49.372977,36.43,debit_card,"482 Miller Expressway Apt. 528, Johnsonville, OK 06748",completed,2026-09-24 01:17:15.387702,2026-09-24 01:17:15.387702
4724,619,2026-08-14 21:11:14.372977,168.69,google_pay,"USNV Rodriguez, FPO AE 90497",cancelled,2026-09-24 01:17:15.387702,2026-09-24 01:17:15.387702
4727,938,2026-08-15 09:23:32.372977,123.8,debit_card,"4600 Rollins Common, Brendaborough, MA 81662",completed,2026-09-24 01:17:15.387702,2026-09-24 01:17:15.387702
4729,431,2026-08-15 12:33:46.372977,20.48,debit_card,"7744 Cunningham Greens Apt. 046, Lindsayton, NE 01642",pending,2026-09-24 01:17:15.387702,2026-09-24 01:17:15.387702
4735,488,2026-08-16 12:02:51.372977,137.99,credit_card,"910 Jason Ports, South Bianca, MP 84045",completed,2026-09-24 01:17:15.387702,2026-09-24 01:17:15.387702
4755,464,2026-08-19 21:59:36.372977,138.65,credit_card,"63386 Ruben Drives, East Shannon, KY 87823",pending,2026-09-24 01:17:15.387702,2026-09-24 01:17:15.387702
4757,943,2026-08-20 09:14:46.372977,268.83,credit_card,"9227 Christopher Ramp Apt. 467, Cherylfort, MP 81236",completed,2026-09-24 01:17:15.387702,2026-09-24 01:17:15.387702
4763,901,2026-08-20 21:13:26.372977,21.68,debit_card,"308 Day Summit, East Stephanie, PW 83822",completed,2026-09-24 01:17:15.387702,2026-09-24 01:17:15.387702
4767,691,2026-08-21 12:07:54.372977,77.26,credit_card,"713 Peck Gardens Suite 433, Longhaven, SC 95518",completed,2026-09-24 01:17:15.387702,2026-09-24 01:17:15.387702
4774,434,2026-08-22 12:19:26.372977,27.03,apple_pay,"865 Wayne Isle Apt. 673, Harrisburgh, UT 68007",completed,2026-09-24 01:17:15.387702,2026-09-24 01:17:15.387702
4779,279,2026-08-22 21:33:05.372977,240.72,paypal,"3762 Matthew Land Suite 848, Lake Kristine, NM 46291",cancelled,2026-09-24 01:17:15.387702,2026-09-24 01:17:15.387702
4783,831,2026-08-23 19:53:33.372977,196.1,credit_card,"4238 Brandi Ramp, Franklinhaven, OH 06019",pending,2026-09-24 01:17:15.387702,2026-09-24 01:17:15.387702
4784,523,2026-08-23 19:55:33.372977,199.29,apple_pay,"76309 Bryant Prairie Apt. 666, New Victorshire, NM 66462",completed,2026-09-24 01:17:15.387702,2026-09-24 01:17:15.387702
4787,943,2026-08-24 12:15:17.372977,222.72,credit_card,"3425 Anna Walk, Martinezberg, PR 71047",completed,2026-09-24 01:17:15.387702,2026-09-24 01:17:15.387702
4791,453,2026-08-25 04:39:58.372977,626.93,credit_card,"448 John Drive, North Julialand, AZ 52474",completed,2026-09-24 01:17:15.387702,2026-09-24 01:17:15.387702
4796,901,2026-08-25 21:45:00.372977,43.45,paypal,"PSC 8515, Box 5388, APO AA 57088",completed,2026-09-24 01:17:15.387702,2026-09-24 01:17:15.387702
4802,615,2026-08-26 13:14:46.372977,85.33,credit_card,"8963 Daniel Cliffs Apt. 335, Frazierland, NJ 94094",completed,2026-09-24 01:17:15.387702,2026-09-24 01:17:15.387702
4805,739,2026-08-26 20:24:56.372977,82.91,debit_card,"33816 Gregory Circle Suite 838, Bondstad, PW 46096",pending,2026-09-24 01:17:15.387702,2026-09-24 01:17:15.387702
4811,334,2026-08-27 20:27:20.372977,180.38,credit_card,"745 Sanchez Mountains, South Gary, OH 31901",completed,2026-09-24 01:17:15.387702,2026-09-24 01:17:15.387702
4812,363,2026-08-27 20:29:07.372977,303.44,debit_card,"664 Joseph Tunnel, Jeffreyfurt, PR 76733",completed,2026-09-24 01:17:15.387702,2026-09-24 01:17:15.387702
4816,822,2026-08-28 10:21:30.372977,46.73,apple_pay,"3446 Frank Highway, South Andrewchester, PW 85285",completed,2026-09-24 01:17:15.387702,2026-09-24 01:17:15.387702
4817,357,2026-08-28 10:24:45.372977,107.73,debit_card,"989 Hicks Path Apt. 703, Mortontown, AR 60269",completed,2026-09-24 01:17:15.387702,2026-09-24 01:17:15.387702
4819,628,2026-08-28 12:02:07.372977,182.93,credit_card,"77014 William Ramp Apt. 044, Harrisside, MA 17256",completed,2026-09-24 01:17:15.387702,2026-09-24 01:17:15.387702
4826,938,2026-08-29 09:04:00.372977,39.89,apple_pay,"05112 Margaret Glens, South Paulafurt, ND 04568",completed,2026-09-24 01:17:15.387702,2026-09-24 01:17:15.387702
4833,283,2026-08-30 11:28:15.372977,54.41,google_pay,"76777 Nixon Skyway, Lake Carolyn, CA 70332",completed,2026-09-24 01:17:15.387702,2026-09-24 01:17:15.387702
4838,580,2026-08-30 19:00:19.372977,149.02,credit_card,"0944 Robertson Corner Suite 493, Smithland, MO 11211",completed,2026-09-24 01:17:15.387702,2026-09-24 01:17:15.387702
4842,672,2026-08-31 07:19:50.372977,194.82,credit_card,"2974 Weber Summit Apt. 617, Port Laurenburgh, UT 57946",completed,2026-09-24 01:17:15.387702,2026-09-24 01:17:15.387702
4848,314,2026-08-31 22:44:42.372977,156.79,credit_card,"188 Solis Underpass Apt. 589, New Crystalchester, DC 31414",processing,2026-09-24 01:17:15.387702,2026-09-24 01:17:15.387702
4852,869,2026-09-01 17:19:20.372977,117.0,paypal,"9687 Griffin Rue Suite 654, Amberville, NY 64520",pending,2026-09-24 01:17:15.387702,2026-09-24 01:17:15.387702
4854,488,2026-09-02 11:34:42.372977,363.73,debit_card,"2322 Adam Corner, New Joseph, KS 98040",completed,2026-09-24 01:17:15.387702,2026-09-24 01:17:15.387702
4856,249,2026-09-03 03:16:50.372977,34.04,credit_card,"52169 Jared Walks, East Anthony, HI 98395",completed,2026-09-24 01:17:15.387702,2026-09-24 01:17:15.387702
4857,223,2026-09-03 07:23:35.372977,191.29,paypal,"1937 Brewer Circle, Wilsonhaven, MP 62916",completed,2026-09-24 01:17:15.387702,2026-09-24 01:17:15.387702
4865,427,2026-09-04 07:14:19.372977,120.11,credit_card,"26934 Adams Springs Apt. 390, Suefurt, NC 46228",completed,2026-09-24 01:17:15.387702,2026-09-24 01:17:15.387702
4868,901,2026-09-04 12:34:06.372977,74.42,credit_card,"Unit 4503 Box 0834, DPO AP 15173",completed,2026-09-24 01:17:15.387702,2026-09-24 01:17:15.387702
4874,943,2026-09-05 12:52:55.372977,155.01,debit_card,"1589 Katherine Park Apt. 259, East Jennifer, OK 90262",completed,2026-09-24 01:17:15.387702,2026-09-24 01:17:15.387702
4875,619,2026-09-05 14:04:45.372977,198.91,paypal,"6226 Thomas Branch, Port Heatherfort, KY 22680",completed,2026-09-24 01:17:15.387702,2026-09-24 01:17:15.387702
4878,769,2026-09-05 20:41:24.372977,300.81,credit_card,"186 Amy Prairie, Kaylaborough, KY 82741",completed,2026-09-24 01:17:15.387702,2026-09-24 01:17:15.387702
4879,825,2026-09-05 20:43:07.372977,92.53,debit_card,"9448 Joseph Inlet, North Brianview, AZ 58770",completed,2026-09-24 01:17:15.387702,2026-09-24 01:17:15.387702
4906,279,2026-09-09 09:08:37.372977,227.42,credit_card,"12151 Cynthia Knoll Suite 244, Barkerberg, AZ 12802",processing,2026-09-24 01:17:15.387702,2026-09-24 01:17:15.387702
4908,691,2026-09-09 19:59:26.372977,36.55,debit_card,"986 Evan Walks, New Anne, TN 87518",pending,2026-09-24 01:17:15.387702,2026-09-24 01:17:15.387702
4923,881,2026-09-12 10:20:26.372977,192.87,debit_card,"655 Emma Village, East Keith, CT 13062",completed,2026-09-24 01:17:15.387702,2026-09-24 01:17:15.387702
4924,314,2026-09-12 12:23:44.372977,192.53,credit_card,"PSC 2798, Box 2579, APO AP 67676",completed,2026-09-24 01:17:15.387702,2026-09-24 01:17:15.387702
4928,869,2026-09-13 01:20:19.372977,120.38,paypal,"972 Pruitt River Suite 155, Williamsonburgh, WI 64581",completed,2026-09-24 01:17:15.387702,2026-09-24 01:17:15.387702
4933,672,2026-09-13 20:07:17.372977,112.73,debit_card,"18643 John Via, Sandrafurt, GU 49205",cancelled,2026-09-24 01:17:15.387702,2026-09-24 01:17:15.387702
4941,363,2026-09-14 20:27:32.372977,116.15,google_pay,"PSC 8175, Box 4814, APO AA 17450",completed,2026-09-24 01:17:15.387702,2026-09-24 01:17:15.387702
4944,997,2026-09-15 08:36:28.372977,129.43,paypal,"73226 Sherry Mission, Lake Zachary, AK 17547",completed,2026-09-24 01:17:15.387702,2026-09-24 01:17:15.387702
4945,434,2026-09-15 12:15:17.372977,123.15,credit_card,"9513 Bianca Meadow, Lake Stephaniemouth, MD 20022",completed,2026-09-24 01:17:15.387702,2026-09-24 01:17:15.387702
4950,881,2026-09-16 14:34:02.372977,199.24,debit_card,"5188 Joseph Mount Apt. 101, Lake Anthonyton, AL 30800",completed,2026-09-24 01:17:15.387702,2026-09-24 01:17:15.387702
4952,334,2026-09-16 20:22:57.372977,186.42,credit_card,"72826 Barajas Village Apt. 380, Curtisland, NJ 11645",completed,2026-09-24 01:17:15.387702,2026-09-24 01:17:15.387702
4954,441,2026-09-17 04:29:11.372977,122.3,apple_pay,"14914 Renee Knolls Suite 409, Fordfurt, FL 41301",completed,2026-09-24 01:17:15.387702,2026-09-24 01:17:15.387702
4959,334,2026-09-17 20:29:06.372977,110.25,credit_card,"892 Shawn Turnpike Suite 522, Port Michelle, MS 47340",cancelled,2026-09-24 01:17:15.387702,2026-09-24 01:17:15.387702
4964,464,2026-09-19 06:13:32.372977,111.58,apple_pay,"091 James Park Suite 262, New Stephen, AR 39266",completed,2026-09-24 01:17:15.387702,2026-09-24 01:17:15.387702
4968,628,2026-09-19 13:38:53.372977,130.5,debit_card,"2508 Micheal Isle Apt. 431, Shelbymouth, VI 09759",processing,2026-09-24 01:17:15.387702,2026-09-24 01:17:15.387702
4973,691,2026-09-20 09:19:53.372977,138.0,debit_card,"0931 Jessica Station Apt. 735, Elizabethfort, DE 63204",completed,2026-09-24 01:17:15.387702,2026-09-24 01:17:15.387702
